,,,,,Games,Games,Passing,Passing,Passing,Passing,Passing,Rushing,Rushing,Rushing,Rushing,Receiving,Receiving,Receiving,Receiving,Receiving,Fumbles,Fumbles,Scoring,Scoring,Scoring,Fantasy,Fantasy,Fantasy,Fantasy,Fantasy,Fantasy,Fantasy,-additional
Rk,Player,Tm,FantPos,Age,G,GS,Cmp,Att,Yds,TD,Int,Att,Yds,Y/A,TD,Tgt,Rec,Yds,Y/R,TD,Fmb,FL,TD,2PM,2PP,FantPt,PPR,DKPt,FDPt,VBD,PosRank,OvRank,-9999
1,Christian McCaffrey*+,SFO,RB,29,17,17,0,1,0,0,0,311,1202,3.86,10,129,102,924,9.06,7,2,0,17,,,315,416.6,422.6,365.6,157,2,2,McCaCh01
2,Puka Nacua*+,LAR,WR,24,16,15,0,0,0,0,0,10,105,10.50,1,166,129,1715,13.29,10,1,1,11,,,246,375.0,382.0,310.5,121,1,5,NacuPu00
3,Bijan Robinson*+,ATL,RB,23,17,17,0,0,0,0,0,287,1478,5.15,7,103,79,820,10.38,4,4,3,11,1,,292,370.8,379.8,331.3,135,3,3,RobiBi01
4,Jahmyr Gibbs*,DET,RB,23,17,17,0,0,0,0,0,243,1223,5.03,13,94,77,616,8.00,5,2,1,18,,,290,366.9,373.9,328.4,133,4,4,GibbJa01
5,Josh Allen*,BUF,QB,29,17,17,319,460,3668,25,10,112,579,5.17,14,0,0,0,,0,7,3,14,,1,365,364.6,383.6,374.6,87,1,10,AlleJo02
6,Jonathan Taylor*,IND,RB,26,17,17,0,0,0,0,0,323,1585,4.91,18,55,46,378,8.22,2,2,1,20,1,,316,362.3,369.3,339.3,158,1,1,TaylJo02
7,Jaxon Smith-Njigba*+,SEA,WR,23,17,17,0,0,0,0,0,7,36,5.14,0,163,119,1793,15.07,10,3,1,10,,,241,359.9,363.9,300.4,116,2,6,SmitJa06
8,Drake Maye*,NWE,QB,23,17,17,354,492,4394,31,8,103,450,4.37,4,1,1,2,2.00,0,8,3,4,1,1,351,352.0,369.0,359.5,74,2,14,MayeDr00
9,Matthew Stafford*+,LAR,QB,37,17,17,388,597,4707,46,8,29,1,0.03,0,0,0,0,,0,7,3,0,,,350,350.4,364.4,358.4,74,3,15,StafMa00
10,Trevor Lawrence,JAX,QB,26,17,17,341,560,4007,29,12,82,359,4.38,9,0,0,0,,0,5,3,9,1,,338,338.2,359.2,350.2,62,4,19,LawrTr00
11,Amon-Ra St. Brown*,DET,WR,26,17,17,0,0,0,0,0,3,9,3.00,0,172,117,1401,11.97,11,1,0,11,,,207,324.0,327.0,265.5,84,3,11,StxxAm00
12,De'Von Achane*,MIA,RB,24,16,16,0,0,0,0,0,238,1350,5.67,8,85,67,488,7.28,4,1,0,12,,,256,322.8,328.8,289.3,101,7,9,AchaDe00
13,Caleb Williams,CHI,QB,24,17,17,330,568,3942,27,7,77,388,5.04,3,2,2,22,11.00,1,9,1,4,,1,317,318.7,332.7,324.7,42,5,27,WillCa03
14,Trey McBride*+,ARI,TE,26,17,17,0,0,0,0,0,0,0,,0,169,126,1239,9.83,11,0,0,11,,,190,315.9,318.9,252.9,82,1,12,McBrTr01
15,Dak Prescott*,DAL,QB,32,17,17,404,600,4552,30,10,53,177,3.34,2,0,0,0,,0,6,2,2,,3,314,313.8,331.8,323.8,39,6,28,PresDa01
16,Ja'Marr Chase*+,CIN,WR,25,16,16,0,0,0,0,0,3,14,4.67,0,185,125,1412,11.30,8,1,1,8,,,189,313.6,317.6,251.1,67,5,17,ChasJa00
17,Bo Nix,DEN,QB,25,17,17,388,612,3931,25,11,83,356,4.29,5,1,0,0,,0,4,2,5,,4,305,304.8,323.8,315.8,31,7,34,NixxBo00
18,James Cook*,BUF,RB,26,17,17,0,0,0,0,0,309,1621,5.25,12,40,33,291,8.82,2,6,3,14,,,269,302.2,311.2,285.7,114,5,7,CookJa01
19,Jalen Hurts*,PHI,QB,27,16,16,294,454,3224,25,6,105,421,4.01,8,0,0,0,,0,8,4,8,,,299,299.1,315.1,305.1,26,8,38,HurtJa00
20,Jared Goff*,DET,QB,31,17,17,393,578,4564,34,8,19,45,2.37,0,0,0,0,,0,6,5,0,,,297,297.1,313.1,305.1,24,9,39,GoffJa00
21,George Pickens*,DAL,WR,24,17,15,0,0,0,0,0,0,0,,0,137,93,1429,15.37,9,4,0,9,1,,199,291.9,294.9,245.4,77,4,13,PickGe00
22,Justin Herbert*,LAC,QB,27,16,16,340,512,3727,26,13,83,498,6.00,2,0,0,0,,0,7,2,2,1,,287,286.9,307.9,299.9,14,10,50,HerbJu00
23,Patrick Mahomes,KAN,QB,30,14,14,315,502,3587,22,11,64,422,6.59,5,1,1,-10,-10.00,0,3,0,5,,2,285,285.7,302.7,296.2,12,11,53,MahoPa00
24,Chase Brown,CIN,RB,25,17,17,0,0,0,0,0,232,1019,4.39,6,88,69,437,6.33,5,2,0,11,1,,214,282.6,288.6,248.1,61,10,20,BrowCh10
25,Derrick Henry,BAL,RB,31,17,17,0,1,0,0,0,307,1595,5.20,16,21,15,150,10.00,0,4,3,16,,,265,279.5,288.5,272.0,109,6,8,HenrDe00
26,Baker Mayfield,TAM,QB,30,17,17,343,543,3693,26,11,55,382,6.95,1,0,0,0,,0,11,3,1,,2,272,271.9,291.9,282.9,,12,75,MayfBa00
27,Chris Olave,NOR,WR,25,16,16,0,1,0,0,1,1,-3,-3.00,0,156,100,1163,11.63,9,0,0,9,,,168,268.0,272.0,219.0,48,6,23,OlavCh00
28,Kyren Williams,LAR,RB,25,17,17,0,0,0,0,0,259,1252,4.83,10,50,36,281,7.81,3,2,2,13,,,227,263.3,271.3,245.3,74,8,16,WillKy02
29,Travis Etienne,JAX,RB,26,17,16,0,0,0,0,0,260,1107,4.26,7,52,36,292,8.11,6,1,0,13,,,218,253.9,259.9,235.9,66,9,18,EtieTr00
30,Ashton Jeanty,LVR,RB,22,17,17,0,0,0,0,0,266,975,3.67,5,73,55,346,6.29,5,2,1,10,,,190,245.1,252.1,217.6,39,15,29,JeanAs00
31,Zay Flowers*,BAL,WR,25,17,17,0,0,0,0,0,10,62,6.20,1,118,86,1211,14.08,5,3,3,6,,,157,243.3,249.3,200.3,37,8,30,FlowZa00
32,Javonte Williams,DAL,RB,25,16,16,0,0,0,0,0,252,1201,4.77,11,51,35,137,3.91,2,2,2,13,,,208,242.8,250.8,225.3,56,11,21,WillJa10
33,Jaxson Dart,NYG,QB,22,14,12,216,339,2272,15,5,86,487,5.66,9,0,0,0,,0,5,2,9,,1,242,241.6,254.6,246.6,,13,76,DartJa00
34,Josh Jacobs,GNB,RB,27,15,15,0,0,0,0,0,234,929,3.97,13,44,36,282,7.83,1,3,2,14,,,201,237.1,245.1,219.1,50,12,22,JacoJo01
35,Sam Darnold*,SEA,QB,28,17,17,323,477,4048,25,14,35,95,2.71,0,0,0,0,,0,11,6,0,,2,235,235.4,258.4,249.4,,14,78,DarnSa00
36,Jordan Love,GNB,QB,27,15,15,291,439,3381,23,6,47,199,4.23,0,0,0,0,,0,7,2,0,,2,235,235.1,249.1,241.1,,15,77,LoveJo03
37,Saquon Barkley,PHI,RB,28,16,16,0,0,0,0,0,280,1140,4.07,7,50,37,273,7.38,2,1,1,9,1,,195,232.3,239.3,213.8,44,13,25,BarkSa00
38,D'Andre Swift,CHI,RB,26,16,16,0,0,0,0,0,223,1087,4.87,9,48,34,299,8.79,1,2,2,10,,,195,228.6,236.6,211.6,44,14,24,SwifDA00
39,Jacoby Brissett,ARI,QB,33,14,12,315,485,3366,23,8,38,168,4.42,1,0,0,0,,0,5,4,1,,1,227,227.4,245.4,235.4,,16,,BrisJa00
40,Aaron Rodgers,PIT,QB,42,16,16,327,498,3322,24,7,21,61,2.90,1,1,1,-9,-9.00,0,4,1,1,,1,226,227.1,238.1,233.6,,18,,RodgAa00
41,Daniel Jones,IND,QB,28,13,13,261,384,3101,19,8,45,164,3.64,5,0,0,0,,0,9,3,5,,1,226,226.4,243.4,234.4,,17,,JoneDa05
42,Nico Collins*,HOU,WR,26,15,15,0,0,0,0,0,2,15,7.50,1,120,71,1117,15.73,6,1,1,7,1,,155,226.2,230.2,190.7,35,9,31,CollNi00
43,Davante Adams,LAR,WR,33,14,14,0,0,0,0,0,0,0,,0,114,60,789,13.15,14,0,0,14,,,163,222.9,225.9,192.9,43,7,26,AdamDa01
44,Kenneth Gainwell,PIT,RB,26,17,2,0,0,0,0,0,114,537,4.71,5,85,73,486,6.66,3,2,1,8,,,148,221.3,228.3,184.8,,24,,GainKe00
45,Michael Wilson,ARI,WR,25,17,13,0,0,0,0,0,0,0,,0,126,78,1006,12.90,7,0,0,7,,,143,220.6,223.6,181.6,24,13,40,WilsMi02
46,A.J. Brown,PHI,WR,28,15,15,0,0,0,0,0,0,0,,0,121,78,1003,12.86,7,0,0,7,,,142,220.3,223.3,181.3,23,14,41,BrowAJ00
47,Jameson Williams,DET,WR,24,17,15,0,0,0,0,0,6,12,2.00,0,102,65,1117,17.18,7,0,0,7,,,155,219.9,222.9,187.4,35,10,32,WillJa11
48,Courtland Sutton*,DEN,WR,30,17,16,0,0,0,0,0,0,0,,0,124,74,1017,13.74,7,0,0,7,1,,146,219.7,222.7,182.7,27,12,37,SuttCo00
49,Bryce Young,CAR,QB,24,16,16,304,478,3011,23,11,54,216,4.00,2,0,0,0,,0,7,4,2,,1,218,218.0,239.0,229.0,,19,,YounBr01
50,Wan'Dale Robinson,NYG,WR,24,16,15,0,0,0,0,0,3,5,1.67,0,140,92,1014,11.02,4,1,0,4,,,126,217.9,220.9,171.9,8,23,64,RobiWa01
51,Jaylen Warren,PIT,RB,27,16,15,0,0,0,0,0,211,958,4.54,6,45,40,333,8.33,2,1,0,8,,,177,217.1,223.1,197.1,27,17,36,WarrJa01
52,Rico Dowdle,CAR,RB,27,17,11,0,0,0,0,0,236,1076,4.56,6,50,39,297,7.62,1,2,1,7,,,177,216.3,223.3,196.8,27,16,35,DowdRi01
53,Lamar Jackson,BAL,QB,28,13,13,192,302,2549,21,7,67,349,5.21,2,0,0,0,,0,7,3,2,,1,215,214.9,230.9,221.9,,20,,JackLa00
54,Tee Higgins*,CIN,WR,26,15,14,0,0,0,0,0,0,0,,0,98,59,846,14.34,11,0,0,11,1,,153,211.6,214.6,182.1,33,11,33,HiggTe00
55,Tetairoa McMillan,CAR,WR,22,17,17,0,0,0,0,0,0,0,,0,122,70,1014,14.49,7,1,1,7,,,141,211.4,215.4,176.4,22,15,44,McMiTe00
56,Kyle Pitts,ATL,TE,25,17,17,0,0,0,0,0,0,0,,0,118,88,928,10.55,5,0,0,5,,,123,210.8,213.8,166.8,19,3,46,PittKy00
57,Stefon Diggs,NWE,WR,32,17,17,0,0,0,0,0,0,0,,0,102,85,1013,11.92,4,0,0,4,,,125,210.3,213.3,167.8,7,24,66,DiggSt00
58,C.J. Stroud,HOU,QB,24,14,14,273,423,3041,19,8,48,209,4.35,1,0,0,0,,0,2,0,1,,,209,208.5,222.5,216.5,,21,,StroCJ00
59,Breece Hall,NYJ,RB,24,16,16,1,1,4,1,0,243,1065,4.38,4,48,36,350,9.72,1,2,2,5,,,172,207.7,215.7,189.7,22,18,42,HallBr03
60,RJ Harvey,DEN,RB,24,17,7,0,1,0,0,0,146,540,3.70,7,58,47,356,7.57,5,1,1,12,,,160,206.6,213.6,183.1,11,22,57,HarvRJ00
61,TreVeyon Henderson,NWE,RB,23,17,4,0,0,0,0,0,180,911,5.06,9,42,35,221,6.31,1,1,1,10,,,171,206.2,213.2,188.7,22,19,43,HendTr02
62,Michael Pittman Jr.,IND,WR,28,17,16,0,0,0,0,0,0,0,,0,111,80,784,9.80,7,0,0,7,1,,122,202.4,205.4,162.4,5,26,67,PittMi01
63,Drake London,ATL,WR,24,12,12,0,0,0,0,0,0,0,,0,112,68,919,13.51,7,1,1,7,1,,134,201.9,205.9,167.9,15,17,48,LondDr00
64,DeVonta Smith,PHI,WR,27,17,16,0,0,0,0,0,0,0,,0,113,77,1008,13.09,4,0,0,4,,,125,201.8,204.8,163.3,7,25,65,SmitDe07
65,Justin Jefferson,MIN,WR,26,17,17,0,0,0,0,0,2,7,3.50,0,141,84,1048,12.48,2,0,0,2,,,118,201.5,204.5,159.5,,30,,JeffJu00
66,CeeDee Lamb*,DAL,WR,26,14,13,0,0,0,0,0,1,2,2.00,0,117,75,1077,14.36,3,0,0,3,,,126,200.9,203.9,163.4,8,22,63,LambCe00
67,Emeka Egbuka,TAM,WR,23,17,13,0,0,0,0,0,2,9,4.50,0,127,63,938,14.89,6,0,0,6,1,,133,195.7,198.7,164.2,14,18,51,EgbuEm01
68,Jaylen Waddle,MIA,WR,27,16,16,1,1,8,0,0,2,28,14.00,0,100,64,910,14.22,6,1,0,6,,,130,194.1,197.1,162.1,12,19,56,WaddJa00
69,Travis Kelce*,KAN,TE,36,17,17,0,0,0,0,0,1,1,1.00,0,108,76,851,11.20,5,1,0,5,1,,117,193.2,196.2,155.2,13,5,52,KelcTr00
70,Kenneth Walker III,SEA,RB,25,17,17,0,0,0,0,0,221,1027,4.65,5,36,31,282,9.10,0,1,0,5,,,161,191.9,197.9,176.4,12,21,55,WalkKe00
71,Tyler Warren*,IND,TE,23,17,12,0,1,0,0,0,6,8,1.33,1,112,76,817,10.75,4,1,0,5,,,113,188.5,191.5,150.5,9,7,61,WarrTy00
72,Deebo Samuel,WAS,WR,29,16,12,0,0,0,0,0,17,75,4.41,1,99,72,727,10.10,5,3,0,6,,,116,188.2,191.2,152.2,,31,,SamuDe00
73,Jake Ferguson*,DAL,TE,26,17,10,0,0,0,0,0,1,1,1.00,0,102,82,600,7.32,8,3,2,8,1,,106,188.1,193.1,147.1,3,10,72,FergJa00
74,D.K. Metcalf,PIT,WR,28,15,15,0,0,0,0,0,2,12,6.00,1,99,59,850,14.41,6,0,0,7,,,128,187.2,190.2,157.7,10,20,59,MetcDK00
75,Cam Ward,TEN,QB,23,17,17,323,540,3169,15,7,39,159,4.08,2,0,0,0,,0,11,7,2,,,187,186.7,206.7,193.7,,22,,WardCa00
76,Harold Fannin,CLE,TE,21,16,13,0,0,0,0,0,7,13,1.86,1,107,72,731,10.15,6,1,1,7,,,114,186.4,190.4,150.4,11,6,58,FannHa00
77,Tony Pollard,TEN,RB,28,17,17,0,0,0,0,0,242,1082,4.47,5,41,33,206,6.24,0,4,3,5,,,153,185.8,194.8,169.3,4,23,68,PollTo00
78,Dallas Goedert,PHI,TE,30,15,15,0,0,0,0,0,0,0,,0,82,60,591,9.85,11,0,0,11,,,125,185.1,188.1,155.1,21,2,45,GoedDa00
79,Parker Washington,JAX,WR,23,16,7,0,0,0,0,0,7,0,0.00,0,95,58,847,14.60,5,2,0,7,,,127,184.7,187.7,155.7,9,21,60,WashPa01
80,Alec Pierce,IND,WR,25,15,14,0,0,0,0,0,0,0,,0,84,47,1003,21.34,6,0,0,6,,,136,183.3,186.3,159.8,18,16,47,PierAl00
81,Keenan Allen,LAC,WR,33,17,3,0,0,0,0,0,0,0,,0,122,81,777,9.59,4,2,0,4,,,102,182.7,185.7,142.2,,37,,AlleKe00
82,Zach Charbonnet,SEA,RB,24,16,0,0,0,0,0,0,184,730,3.97,12,24,20,144,7.20,0,0,0,12,1,,161,181.4,187.4,171.4,12,20,54,CharZa00
83,Ladd McConkey,LAC,WR,24,16,12,0,0,0,0,0,0,0,,0,106,66,789,11.95,6,0,0,6,,,115,180.9,183.9,147.9,,32,,McCoLa00
84,Juwan Johnson,NOR,TE,29,17,10,0,0,0,0,0,0,0,,0,102,77,889,11.55,3,2,2,3,,,103,179.9,184.9,141.4,,12,,JohnJu02
85,Hunter Henry,NWE,TE,31,17,17,0,0,0,0,0,0,0,,0,87,60,768,12.80,7,0,0,7,,,119,178.8,181.8,148.8,15,4,49,HenrHu00
86,Rhamondre Stevenson,NWE,RB,27,14,13,0,0,0,0,0,130,603,4.64,7,37,32,345,10.78,2,3,3,9,2,,147,178.8,187.8,162.8,,25,,StevRh00
87,Dalton Schultz,HOU,TE,29,17,6,0,0,0,0,0,0,0,,0,106,82,777,9.48,3,1,0,3,,,96,177.7,180.7,136.7,,13,,SchuDa00
88,Brock Purdy,SFO,QB,26,9,9,197,284,2167,20,10,33,147,4.45,3,0,0,0,,0,3,2,3,,1,177,177.4,195.4,187.4,,23,,PurdBr00
89,Troy Franklin,DEN,WR,22,17,7,0,0,0,0,0,5,12,2.40,0,104,65,709,10.91,6,1,1,6,3,,112,177.1,181.1,144.6,,33,,FranTr00
90,Brock Bowers*,LVR,TE,23,12,8,0,0,0,0,0,2,2,1.00,0,86,64,680,10.63,7,0,0,7,1,,112,176.2,179.2,144.2,9,8,62,BoweBr01
91,Geno Smith,LVR,QB,35,15,15,302,448,3025,19,17,41,109,2.66,0,0,0,0,,0,4,1,0,,1,174,173.9,197.9,190.9,,24,,SmitGe00
92,Jauan Jennings,SFO,WR,28,15,15,0,0,0,0,0,0,0,,0,90,55,643,11.69,9,1,1,9,1,,118,173.3,177.3,145.8,1,29,74,JennJa00
93,Quentin Johnston,LAC,WR,24,14,10,0,0,0,0,0,2,7,3.50,0,84,51,735,14.41,8,1,1,8,,,120,171.2,175.2,145.7,3,27,70,JohnQu02
94,D.J. Moore,CHI,WR,28,17,17,1,1,2,1,0,15,79,5.27,1,85,50,682,13.64,6,1,1,7,,,120,170.2,174.2,145.2,3,28,71,MoorD.00
95,Quinshon Judkins,CLE,RB,22,14,14,0,0,0,0,0,230,827,3.60,7,36,26,171,6.58,0,0,0,7,1,,144,169.8,175.8,156.8,,26,,JudkQu00
96,David Montgomery,DET,RB,28,17,0,1,2,3,1,0,158,716,4.53,8,29,24,192,8.00,0,2,1,8,1,,143,166.9,173.9,154.9,,27,,MontDa01
97,Khalil Shakir,BUF,WR,25,16,10,0,0,0,0,0,1,5,5.00,0,95,72,719,9.99,4,1,1,4,,,94,166.4,170.4,130.4,,40,,ShakKh00
98,Romeo Doubs,GNB,WR,25,16,15,0,0,0,0,0,0,0,,0,85,55,724,13.16,6,1,0,6,1,,110,165.4,168.4,137.9,,34,,DoubRo00
99,Colston Loveland,CHI,TE,21,16,11,0,0,0,0,0,1,-2,-2.00,0,82,58,713,12.29,6,0,0,6,,,107,165.1,168.1,136.1,4,9,69,LoveCo00
100,Tre Tucker,LVR,WR,24,17,17,0,0,0,0,0,11,51,4.64,0,92,57,696,12.21,5,0,0,5,,,105,161.7,164.7,133.2,,35,,TuckTr00
101,George Kittle*,SFO,TE,32,11,11,0,0,0,0,0,1,-3,-3.00,0,69,57,628,11.02,7,0,0,7,,,105,161.5,164.5,133.0,2,11,73,KittGe00
102,Tyrone Tracy Jr.,NYG,RB,26,15,11,0,0,0,0,0,176,740,4.20,2,48,36,288,8.00,2,1,1,4,,,125,160.8,167.8,142.8,,32,,TracTy00
103,Tua Tagovailoa,MIA,QB,27,14,14,260,384,2660,20,15,20,43,2.15,0,0,0,0,,0,8,1,0,,1,161,160.7,179.7,175.7,,25,,TagoTu00
104,Tyler Shough,NOR,QB,26,11,9,221,327,2384,10,6,45,186,4.13,3,0,0,0,,0,3,2,3,1,,158,158.0,172.0,164.0,,26,,ShouTy00
105,Woody Marks,HOU,RB,25,16,8,0,0,0,0,0,196,703,3.59,2,36,24,208,8.67,3,1,0,6,,,127,151.1,157.1,139.1,,31,,MarkWo00
106,Rashee Rice,KAN,WR,25,8,8,0,0,0,0,0,5,20,4.00,1,78,53,571,10.77,5,2,0,6,1,,97,150.1,153.1,123.6,,39,,RiceRa01
107,AJ Barner,SEA,TE,23,17,17,0,0,0,0,0,10,14,1.40,1,68,52,519,9.98,6,2,0,7,,,95,147.3,150.3,121.3,,14,,BarnAJ00
108,Kyle Monangai,CHI,RB,23,17,1,0,0,0,0,0,169,783,4.63,5,30,18,164,9.11,0,0,0,5,2,,129,146.7,152.7,137.7,,29,,MonaKy00
109,Rome Odunze,CHI,WR,23,12,12,0,0,0,0,0,0,0,,0,90,44,661,15.02,6,0,0,6,,,102,146.1,149.1,124.1,,36,,OdunRo00
110,Kareem Hunt,KAN,RB,30,17,4,0,0,0,0,0,163,611,3.75,8,25,18,143,7.94,1,2,1,9,,,127,145.4,152.4,136.4,,30,,HuntKa00
111,Rachaad White,TAM,RB,26,17,8,0,0,0,0,0,132,572,4.33,4,45,40,218,5.45,0,0,0,4,,,103,143.0,149.0,123.0,,40,,WhitRa01
112,Justin Fields,NYJ,QB,26,9,9,128,204,1259,7,1,71,383,5.39,4,1,0,0,,0,4,3,4,2,3,143,142.7,152.7,143.7,,27,,FielJu00
113,Jacory Croskey-Merritt,WAS,RB,24,17,7,0,0,0,0,0,175,805,4.60,8,13,9,68,7.56,0,4,2,8,,,131,140.3,145.3,135.8,,28,,CrosJa00
114,Brian Thomas,JAX,WR,23,14,14,0,0,0,0,0,3,21,7.00,1,91,48,707,14.73,2,0,0,3,,,91,138.8,141.8,114.8,,43,,ThomBr06
115,Bucky Irving,TAM,RB,23,10,9,0,0,0,0,0,173,588,3.40,1,35,30,277,9.23,3,1,1,4,,,109,138.5,145.5,123.5,,36,,IrviBu00
116,Marquise Brown,KAN,WR,28,16,6,0,0,0,0,0,0,0,,0,74,49,587,11.98,5,1,0,5,,,89,137.7,140.7,113.2,,44,,BrowMa04
117,Josh Downs,IND,WR,24,16,11,0,0,0,0,0,2,-2,-1.00,0,88,58,566,9.76,4,1,1,4,,,78,136.4,140.4,107.4,,48,,DownJo00
118,Omarion Hampton,LAC,RB,22,9,6,0,0,0,0,0,124,545,4.40,4,35,32,192,6.00,1,1,0,5,,,104,135.7,141.7,119.7,,39,,HampOm00
119,Jordan Addison,MIN,WR,23,14,12,0,0,0,0,0,2,81,40.50,1,79,42,610,14.52,3,0,0,4,,,93,135.1,138.1,114.1,,41,,AddiJo00
120,Joe Burrow*,CIN,QB,29,8,8,173,259,1809,17,5,14,41,2.93,0,0,0,0,,0,0,0,0,,,134,134.5,142.5,139.5,,28,,BurrJo01
121,Christian Watson,GNB,WR,26,10,10,0,0,0,0,0,1,3,3.00,0,55,35,611,17.46,6,0,0,6,,,97,132.4,135.4,114.9,,38,,WatsCh00
122,Oronde Gadsden II,LAC,TE,22,15,7,0,0,0,0,0,0,0,,0,69,49,664,13.55,3,1,1,3,,,82,131.4,135.4,106.9,,20,,GadsOr01
123,Mark Andrews,BAL,TE,30,17,11,0,0,0,0,0,10,48,4.80,1,70,48,422,8.79,5,1,0,6,,,83,131.0,134.0,107.0,,18,,AndrMa00
124,Mac Jones,SFO,QB,27,11,8,201,289,2151,13,6,36,60,1.67,0,0,0,0,,0,4,2,0,,1,130,130.0,141.0,136.0,,29,,JoneMa05
125,Colby Parkinson,LAR,TE,26,15,10,0,0,0,0,0,0,0,,0,56,43,408,9.49,8,1,1,8,,,87,129.8,133.8,108.3,,16,,ParkCo02
126,Jayden Higgins,HOU,WR,23,17,10,0,0,0,0,0,0,0,,0,68,41,525,12.80,6,0,0,6,,,89,129.5,132.5,109.0,,45,,HiggJa00
127,Jordan Mason,MIN,RB,26,16,5,0,0,0,0,0,159,758,4.77,6,16,14,51,3.64,0,3,1,6,,,115,128.9,132.9,121.9,,33,,MasoJo00
128,Luther Burden,CHI,WR,22,15,5,0,0,0,0,0,6,37,6.17,0,60,47,652,13.87,2,0,0,2,,,81,127.9,130.9,104.4,,47,,BurdLu00
129,Marvin Harrison Jr.,ARI,WR,23,12,10,0,0,0,0,0,0,0,,0,73,41,608,14.83,4,0,0,4,1,,87,127.8,130.8,107.3,,46,,HarrMa09
130,Theo Johnson,NYG,TE,24,15,15,0,0,0,0,0,0,0,,0,74,45,528,11.73,5,0,0,5,,,83,127.8,130.8,105.3,,19,,JohnTh00
131,Cam Skattebo,NYG,RB,23,8,5,0,0,0,0,0,101,410,4.06,5,32,24,207,8.63,2,1,1,7,1,,104,127.7,134.7,115.7,,38,,SkatCa00
132,Zach Ertz,WAS,TE,35,13,13,0,0,0,0,0,0,0,,0,72,50,504,10.08,4,1,0,4,1,,76,126.4,129.4,101.4,,21,,ErtzZa00
133,Dalton Kincaid*,BUF,TE,26,12,4,0,0,0,0,0,0,0,,0,49,39,571,14.64,5,1,0,5,,,87,126.1,129.1,106.6,,15,,KincDa00
134,Chimere Dike*+,TEN,WR,24,17,10,0,0,0,0,0,11,18,1.64,0,74,48,423,8.81,4,2,1,6,,,78,126.1,130.1,102.1,,49,,DikeCh00
135,Marcus Mariota,WAS,QB,32,11,8,139,227,1695,10,7,50,297,5.94,1,0,0,0,,0,6,3,1,,1,126,125.5,141.5,132.5,,30,,MariMa01
136,J.J. McCarthy,MIN,QB,22,10,10,140,243,1632,11,12,37,181,4.89,4,0,0,0,,0,6,2,4,,1,125,125.4,145.4,137.4,,31,,McCaJJ00
137,Chuba Hubbard,CAR,RB,26,15,6,0,0,0,0,0,134,511,3.81,1,39,30,223,7.43,3,1,1,4,,,95,125.4,132.4,110.4,,42,,HubbCh01
138,Kayshon Boutte,NWE,WR,23,14,10,0,0,0,0,0,0,0,,0,46,33,551,16.70,6,0,0,6,,,91,124.1,127.1,107.6,,42,,BoutKa00
139,Chigoziem Okonkwo,TEN,TE,26,17,12,0,0,0,0,0,0,0,,0,79,56,560,10.00,2,0,0,2,,,68,124.0,127.0,96.0,,24,,OkonCh00
140,Tyler Allgeier,ATL,RB,25,17,2,0,0,0,0,0,143,514,3.59,8,16,14,96,6.86,0,0,0,8,,,109,123.0,126.0,116.0,,35,,AllgTy00
141,Blake Corum,LAR,RB,25,17,0,0,0,0,0,0,145,746,5.14,6,14,8,36,4.50,0,0,0,6,,,114,122.2,125.2,118.2,,34,,CoruBl00
142,Cade Otton,TAM,TE,26,16,16,0,0,0,0,0,0,0,,0,81,59,572,9.69,1,0,0,1,,,63,122.2,125.2,92.7,,28,,OttoCa00
143,Joe Flacco*,CIN,QB,40,9,6,158,256,1664,13,4,15,22,1.47,1,0,0,0,,0,1,1,1,,2,121,120.8,128.8,124.8,,32,,FlacJo00
144,Jerry Jeudy,CLE,WR,26,17,16,0,0,0,0,0,1,5,5.00,0,106,50,602,12.04,2,1,1,2,,,71,120.7,124.7,95.7,,54,,JeudJe00
145,Michael Penix,ATL,QB,25,9,9,166,276,1982,9,3,21,70,3.33,1,0,0,0,,0,4,2,1,,1,120,120.3,128.3,123.3,,33,,PeniMi00
146,Aaron Jones,MIN,RB,31,12,12,0,0,0,0,0,132,548,4.15,2,41,28,199,7.11,1,2,1,3,,,91,118.7,125.7,104.7,,44,,JoneAa00
147,Brenton Strange,JAX,TE,25,12,12,0,0,0,0,0,0,0,,0,60,46,540,11.74,3,0,0,3,,,72,118.0,121.0,95.0,,23,,StraBr00
148,Kimani Vidal,LAC,RB,24,13,10,0,0,0,0,0,155,643,4.15,3,22,16,136,8.50,1,1,0,4,,,102,117.9,123.9,109.9,,41,,VidaKi00
149,Tucker Kraft,GNB,TE,25,8,8,0,0,0,0,0,1,3,3.00,0,44,32,489,15.28,6,0,0,6,,,85,117.2,120.2,101.2,,17,,KrafTu00
150,Malik Washington,MIA,WR,24,17,6,0,0,0,0,0,17,110,6.47,1,65,46,317,6.89,3,1,1,5,,,71,116.7,123.7,93.7,,55,,WashMa00
151,Elic Ayomanor,TEN,WR,22,16,14,0,0,0,0,0,0,0,,0,89,41,515,12.56,4,0,0,4,,,76,116.5,119.5,96.0,,51,,AyomEl00
152,Cooper Kupp,SEA,WR,32,16,15,0,1,0,0,1,0,0,,0,70,47,593,12.62,2,1,1,2,1,,69,116.3,121.3,93.8,,56,,KuppCo00
153,J.K. Dobbins,DEN,RB,27,10,9,0,0,0,0,0,153,772,5.05,4,14,11,37,3.36,0,0,0,4,,,105,115.9,118.9,110.4,,37,,DobbJK00
154,Jayden Daniels,WAS,QB,25,7,7,114,188,1262,8,3,58,278,4.79,2,0,0,0,,0,3,2,2,,1,114,114.3,125.3,117.3,,34,,DaniJa02
155,Terry McLaurin,WAS,WR,30,10,10,0,0,0,0,0,0,0,,0,60,38,582,15.32,3,0,0,3,,,76,114.2,117.2,95.2,,50,,McLaTe00
156,Ryan Flournoy,DAL,WR,26,16,4,0,0,0,0,0,4,25,6.25,0,56,40,475,11.88,4,0,0,4,,,74,114.0,117.0,94.0,,52,,FlouRy00
157,Pat Freiermuth,PIT,TE,27,17,8,0,0,0,0,0,0,0,,0,54,41,486,11.85,4,0,0,4,,,73,113.6,116.6,93.1,,22,,FreiPa00
158,Mack Hollins,NWE,WR,32,15,13,0,0,0,0,0,1,4,4.00,0,65,46,550,11.96,2,1,0,2,,,67,113.4,116.4,90.4,,58,,HollMa00
159,T.J. Hockenson,MIN,TE,28,15,15,0,0,0,0,0,1,0,0.00,0,66,51,438,8.59,3,0,0,3,,,62,112.8,115.8,87.3,,29,,HockTJ00
160,Tyjae Spears,TEN,RB,24,13,1,0,0,0,0,0,72,283,3.93,2,50,45,264,5.87,0,0,0,2,,,67,111.7,117.7,89.2,,54,,SpeaTy00
161,Xavier Worthy,KAN,WR,22,14,13,0,0,0,0,0,11,87,7.91,0,73,42,532,12.67,1,0,0,1,,,68,109.9,112.9,88.9,,57,,WortXa00
162,Devin Singletary,NYG,RB,28,17,1,0,0,0,0,0,119,437,3.67,5,19,18,151,8.39,0,0,0,5,,1,91,108.8,114.8,99.8,,43,,SingDe00
163,Jakobi Meyers,JAX,WR,29,9,7,0,0,0,0,0,5,13,2.60,0,61,42,483,11.50,3,1,1,3,,,66,107.6,111.6,86.6,,59,,MeyeJa01
164,Sam LaPorta,DET,TE,24,9,9,0,0,0,0,0,0,0,,0,49,40,489,12.23,3,0,0,3,,,67,106.9,109.9,86.9,,26,,LaPoSa01
165,Rashid Shaheed*,NOR,WR,27,9,9,0,0,0,0,0,2,5,2.50,0,66,44,499,11.34,2,1,1,2,,,60,104.4,108.4,82.4,,67,,ShahRa00
166,Dawson Knox,BUF,TE,29,17,12,0,0,0,0,0,0,0,,0,49,36,417,11.58,4,0,0,4,1,,68,103.7,106.7,85.7,,25,,KnoxDa00
167,Kirk Cousins,ATL,QB,37,10,8,166,269,1721,10,5,14,7,0.50,1,0,0,0,,0,3,1,1,,,104,103.5,112.5,108.5,,35,,CousKi00
168,Evan Engram,DEN,TE,31,16,2,0,0,0,0,0,1,7,7.00,0,76,50,461,9.22,1,0,0,1,,,53,102.8,105.8,77.8,,32,,EngrEv00
169,Keon Coleman,BUF,WR,22,13,6,0,0,0,0,0,0,0,,0,59,38,404,10.63,4,1,1,4,1,,64,102.4,106.4,83.4,,61,,ColeKe02
170,Jalen Nailor,MIN,WR,26,17,8,0,0,0,0,0,2,13,6.50,0,53,29,444,15.31,4,0,0,4,1,,72,100.7,103.7,86.2,,53,,NailJa00
171,Alvin Kamara,NOR,RB,30,11,11,0,0,0,0,0,131,471,3.60,1,39,33,186,5.64,0,2,2,1,,,68,100.7,108.7,84.2,,53,,KamaAl00
172,Ty Johnson,BUF,RB,28,17,0,0,0,0,0,0,50,200,4.00,3,33,24,263,10.96,2,1,0,5,,,76,100.3,106.3,88.3,,49,,JohnTy02
173,Garrett Wilson,NYJ,WR,25,7,7,0,0,0,0,0,0,0,,0,59,36,395,10.97,4,1,0,4,,,64,99.5,102.5,81.5,,63,,WilsGa00
174,Spencer Rattler,NOR,QB,25,9,8,174,257,1586,8,5,31,167,5.39,0,2,1,0,0.00,0,4,2,0,,,98,99.1,112.1,103.6,,36,,RattSp00
175,Michael Carter,ARI,RB,26,13,5,0,0,0,0,0,92,333,3.62,1,45,33,267,8.09,0,0,0,1,,,66,99.0,105.0,82.5,,55,,CartMi03
176,Darius Slayton,NYG,WR,28,14,12,0,0,0,0,0,0,0,,0,63,37,538,14.54,1,1,1,1,2,,62,98.8,102.8,80.3,,66,,SlayDa01
177,Xavier Hutchinson,HOU,WR,25,17,6,0,0,0,0,0,3,22,7.33,0,57,35,428,12.23,3,0,0,3,,,63,98.0,101.0,80.5,,64,,HutcXa00
178,DeMario Douglas,NWE,WR,25,17,0,0,0,0,0,0,7,21,3.00,0,46,31,447,14.42,3,0,0,3,,,65,95.8,98.8,80.3,,60,,DougDe00
179,Emanuel Wilson,GNB,RB,26,17,2,0,0,0,0,0,125,496,3.97,3,17,15,99,6.60,0,1,0,3,1,,80,94.5,97.5,87.0,,47,,WilsEm00
180,Jake Tonges,SFO,TE,26,17,2,0,0,0,0,0,0,0,,0,46,34,293,8.62,5,0,0,5,,,59,93.3,96.3,76.3,,30,,TongJa00
181,Marvin Mims,DEN,WR,23,15,4,0,0,0,0,0,12,78,6.50,1,51,37,322,8.70,1,2,1,3,,,56,93.0,97.0,74.5,,72,,MimsMa00
182,Zonovan Knight,ARI,RB,24,12,8,0,0,0,0,0,82,269,3.28,4,31,22,160,7.27,1,1,1,5,,,71,92.9,99.9,81.9,,51,,KnigZo00
183,Tez Johnson,TAM,WR,23,16,8,0,0,0,0,0,7,22,3.14,0,44,28,322,11.50,5,0,0,5,,,64,92.4,95.4,78.4,,62,,JohnTe03
184,Kendrick Bourne,SFO,WR,30,16,8,0,0,0,0,0,0,0,,0,53,37,551,14.89,0,0,0,0,,,55,92.1,95.1,73.6,,74,,BourKe00
185,Chris Rodriguez,WAS,RB,25,13,7,0,0,0,0,0,112,500,4.46,6,4,3,30,10.00,0,0,0,6,,,89,92.0,95.0,90.5,,45,,RodrCh00
186,Gunnar Helm,TEN,TE,23,16,10,0,0,0,0,0,0,0,,0,55,44,357,8.11,2,0,0,2,,,48,91.7,94.7,69.7,,34,,HelmGu00
187,Sean Tucker,TAM,RB,24,17,0,0,0,0,0,0,86,320,3.72,7,11,8,34,4.25,1,2,0,8,,,83,91.4,94.4,87.4,,46,,TuckSe00
188,Jalen Coker,CAR,WR,24,11,3,0,0,0,0,0,0,0,,0,43,33,394,11.94,3,1,1,3,1,,57,90.4,94.4,73.9,,70,,CokeJa01
189,Andrei Iosivas,CIN,WR,26,17,9,0,0,0,0,0,3,14,4.67,0,58,33,435,13.18,2,0,0,2,,,57,89.9,92.9,73.4,,71,,IosiAn00
190,Xavier Legette,CAR,WR,24,15,12,0,0,0,0,0,1,0,0.00,0,64,35,363,10.37,3,1,0,3,,,54,89.3,92.3,71.8,,76,,LegeXa00
191,Mason Taylor,NYJ,TE,21,13,11,0,0,0,0,0,0,0,,0,65,44,369,8.39,1,0,0,1,1,,45,88.9,91.9,66.9,,37,,TaylMa02
192,Darren Waller,MIA,TE,33,9,3,0,0,0,0,0,1,4,4.00,0,34,24,283,11.79,6,0,0,6,,,65,88.7,91.7,76.7,,27,,WallDa01
193,Bhayshul Tuten,JAX,RB,22,15,0,0,0,0,0,0,83,307,3.70,5,14,10,79,7.90,2,2,1,7,,,79,88.6,92.6,83.6,,48,,TuteBh00
194,Ricky Pearsall,SFO,WR,25,9,9,0,0,0,0,0,2,-2,-1.00,0,53,36,528,14.67,0,0,0,0,,,53,88.6,91.6,70.6,,77,,PearRi00
195,Nick Chubb,HOU,RB,30,15,9,0,0,0,0,0,122,506,4.15,3,20,13,67,5.15,0,0,0,3,,,75,88.3,91.3,81.8,,50,,ChubNi00
196,Dylan Sampson,CLE,RB,21,15,2,0,0,0,0,0,65,175,2.69,0,40,33,271,8.21,2,1,1,2,,,55,87.6,94.6,71.1,,57,,SampDy00
197,Isiah Pacheco,KAN,RB,26,13,12,0,0,0,0,0,118,462,3.92,1,26,19,101,5.32,1,0,0,2,,,68,87.3,93.3,77.8,,52,,PachIs00
198,David Njoku,CLE,TE,29,12,11,0,0,0,0,0,0,0,,0,48,33,293,8.88,4,0,0,4,,,53,86.3,89.3,69.8,,31,,NjokDa00
199,Calvin Austin III,PIT,WR,26,14,7,0,0,0,0,0,0,0,,0,55,31,372,12.00,3,0,0,3,,,55,86.2,89.2,70.7,,73,,AustCa00
200,Jonnu Smith,PIT,TE,30,17,7,0,0,0,0,0,9,70,7.78,1,54,38,222,5.84,2,1,0,3,,,47,85.2,88.2,66.2,,35,,SmitJo01
201,Shedeur Sanders*,CLE,QB,23,8,7,120,212,1400,7,10,21,169,8.05,1,0,0,0,,0,2,1,1,,,85,84.9,101.9,94.9,,37,,SandSh00
202,Mike Evans,TAM,WR,32,8,8,0,0,0,0,0,0,0,,0,62,30,368,12.27,3,0,0,3,,,55,84.8,87.8,69.8,,75,,EvanMi00
203,Olamide Zaccheaus,CHI,WR,28,16,5,0,0,0,0,0,4,25,6.25,0,65,39,313,8.03,2,0,0,2,,,46,84.8,87.8,65.3,,82,,ZaccOl01
204,KaVontae Turpin*,DAL,WR,29,15,2,0,0,0,0,0,17,89,5.24,0,38,26,396,15.23,2,1,1,2,,,59,84.5,88.5,71.5,,69,,TurpKa00
205,Chris Godwin,TAM,WR,29,9,6,0,0,0,0,0,0,0,,0,51,33,360,10.91,2,0,0,2,1,,50,83.0,86.0,66.5,,80,,GodwCh00
206,Darnell Mooney,ATL,WR,28,15,15,0,0,0,0,0,0,0,,0,72,32,443,13.84,1,2,0,1,,,50,82.3,85.3,66.3,,79,,MoonDa00
207,Sterling Shepard,TAM,WR,32,13,2,0,0,0,0,0,4,19,4.75,0,53,39,371,9.51,1,1,1,1,,,43,82.0,86.0,62.5,,86,,ShepSt00
208,Tyquan Thornton,KAN,WR,25,14,4,0,0,0,0,0,0,0,,0,37,19,438,23.05,3,0,0,3,,,62,80.8,83.8,71.3,,65,,ThorTy00
209,Cole Kmet,CHI,TE,26,16,15,0,1,0,0,0,0,0,,0,48,30,347,11.57,2,0,0,2,1,,49,78.7,81.7,63.7,,33,,KmetCo00
210,Samaje Perine,CIN,RB,30,15,2,0,0,0,0,0,84,382,4.55,3,21,17,87,5.12,0,3,2,3,,,61,77.9,82.9,69.4,,56,,PeriSa00
211,Kyler Murray,ARI,QB,28,5,5,110,161,962,6,3,29,173,5.97,1,0,0,0,,0,1,1,1,,,78,77.8,87.8,80.8,,38,,MurrKy00
212,Isaac TeSlaa,DET,WR,23,17,3,0,0,0,0,0,0,0,,0,27,16,239,14.94,6,0,0,6,,,60,75.9,78.9,67.9,,68,,TeSlIs00
213,Dontayvion Wicks,GNB,WR,24,14,7,0,0,0,0,0,1,6,6.00,0,46,30,332,11.07,2,0,0,2,,,46,75.8,78.8,60.8,,83,,WickDo00
214,Greg Dortch,ARI,WR,27,12,3,0,0,0,0,0,7,15,2.14,1,33,29,206,7.10,3,1,0,4,,,46,75.1,78.1,60.6,,81,,DortGr01
215,Pat Bryant,DEN,WR,23,15,7,0,0,0,0,0,0,0,,0,49,31,378,12.19,1,0,0,1,,,44,74.8,77.8,59.3,,85,,BryaPa00
216,Noah Fant,CIN,TE,28,15,7,0,0,0,0,0,0,0,,0,41,34,288,8.47,3,3,3,3,,,41,74.8,80.8,57.8,,41,,FantNo00
217,Michael Mayer,LVR,TE,24,13,12,0,0,0,0,0,0,0,,0,50,35,328,9.37,1,1,0,1,,,39,73.8,76.8,56.3,,44,,MayeMi00
218,JuJu Smith-Schuster,KAN,WR,29,17,12,0,0,0,0,0,0,0,,0,45,33,345,10.45,1,0,0,1,,,41,73.5,76.5,57.0,,92,,SmitJu00
219,Darnell Washington,PIT,TE,24,16,13,0,0,0,0,0,0,0,,0,43,31,364,11.74,1,2,1,1,1,,42,73.4,77.4,57.9,,39,,WashDa03
220,Jeremy McNichols,WAS,RB,30,17,1,0,0,0,0,0,44,221,5.02,1,31,25,196,7.84,0,1,1,1,1,,48,72.7,79.7,60.2,,61,,McNiJe00
221,Isaiah Davis,NYJ,RB,23,16,0,0,0,0,0,0,43,236,5.49,1,28,21,186,8.86,0,0,0,1,1,,50,71.2,77.2,60.7,,60,,DaviIs00
222,Tyler Higbee,LAR,TE,32,10,8,0,0,0,0,0,0,0,,0,36,25,281,11.24,3,0,0,3,,,46,71.1,74.1,58.6,,36,,HigbTy00
223,Mike Gesicki,CIN,TE,30,13,2,0,0,0,0,0,0,0,,0,42,28,307,10.96,2,0,0,2,,,43,70.7,73.7,56.7,,38,,GesiMi00
224,Carson Wentz,MIN,QB,33,5,5,110,169,1216,6,5,11,57,5.18,0,0,0,0,,0,3,0,0,,1,70,70.3,78.3,75.3,,39,,WentCa00
225,Dillon Gabriel,CLE,QB,25,10,6,110,185,937,7,2,14,86,6.14,0,0,0,0,,0,0,0,0,,,70,70.1,75.1,72.1,,40,,GabrDi00
226,Matthew Golden,GNB,WR,22,14,5,0,0,0,0,0,10,49,4.90,0,44,29,361,12.45,0,0,0,0,,,41,70.0,73.0,55.5,,90,,GoldMa02
227,Van Jefferson,TEN,WR,29,16,7,0,0,0,0,0,0,0,,0,52,29,350,12.07,1,0,0,1,,,41,70.0,73.0,55.5,,91,,JeffVa00
228,Tre Harris,LAC,WR,23,17,10,0,0,0,0,0,2,10,5.00,0,43,30,324,10.80,1,0,0,1,,,39,69.4,72.4,54.4,,94,,HarrTr03
229,Davis Mills,HOU,QB,27,6,3,91,159,915,5,1,13,60,4.62,1,0,0,0,,0,1,0,1,,1,69,68.6,72.6,69.6,,41,,MillDa02
230,Jaylin Noel,HOU,WR,23,17,3,0,0,0,0,0,6,12,2.00,0,35,26,292,11.23,2,0,0,2,,,42,68.4,71.4,55.4,,88,,NoelJa00
231,Jakobi Meyers,LVR,WR,29,7,6,0,0,0,0,0,0,0,,0,49,33,352,10.67,0,0,0,0,,,66,68.2,71.2,51.7,,59,,MeyeJa01
232,DeAndre Hopkins,BAL,WR,33,17,3,0,0,0,0,0,0,0,,0,39,22,330,15.00,2,0,0,2,,,45,67.0,70.0,56.0,,84,,HopkDe00
233,Kalif Raymond,DET,WR,31,15,3,0,0,0,0,0,2,19,9.50,0,30,24,289,12.04,1,0,0,2,,,43,66.8,69.8,54.8,,87,,RaymKa00
234,Devaughn Vele,NOR,WR,28,13,7,0,0,0,0,0,0,0,,0,39,25,293,11.72,2,0,0,2,,,41,66.3,69.3,53.8,,89,,VeleDe00
235,John Metchie,NYJ,WR,25,9,7,0,0,0,0,0,3,-5,-1.67,0,44,29,256,8.83,2,0,0,2,,,37,66.1,69.1,51.6,,98,,MetcJo00
236,Adonai Mitchell,NYJ,WR,23,8,4,0,0,0,0,0,1,-4,-4.00,0,58,24,301,12.54,2,0,0,2,,,13,65.7,68.7,53.7,,150,,MitcAd00
237,Justice Hill,BAL,RB,28,10,0,0,0,0,0,0,18,93,5.17,2,27,21,169,8.05,1,1,0,3,,,44,65.2,68.2,54.7,,65,,HillJu00
238,Tory Horton,SEA,WR,23,8,3,0,0,0,0,0,0,0,,0,22,13,161,12.38,5,0,0,6,,,52,65.1,68.1,58.6,,78,,HortTo00
239,Ray Davis+,BUF,RB,26,17,0,0,0,0,0,0,58,275,4.74,0,13,10,86,8.60,2,0,0,3,,,54,64.1,67.1,59.1,,59,,DaviRa04
240,Tommy Tremble,CAR,TE,25,17,16,0,0,0,0,0,0,0,,0,37,27,249,9.22,2,0,0,2,,,37,63.9,66.9,50.4,,47,,TremTo00
241,Travis Hunter,JAX,WR,22,7,4,0,0,0,0,0,1,0,0.00,0,45,28,298,10.64,1,1,0,1,,,36,63.8,66.8,49.8,,103,,HuntTr00
242,Brashard Smith,KAN,RB,22,17,1,0,0,0,0,0,44,151,3.43,0,35,25,172,6.88,1,1,0,1,,,38,63.3,69.3,50.8,,69,,SmitBr09
243,Davis Allen,LAR,TE,24,17,5,0,0,0,0,0,0,0,,0,33,24,208,8.67,3,0,0,3,,,39,62.8,65.8,50.8,,45,,AlleDa02
244,Greg Dulcich,MIA,TE,25,10,3,0,0,0,0,0,1,-7,-7.00,0,33,26,335,12.88,1,1,1,1,,,37,62.8,66.8,49.8,,48,,DulcGr00
245,Brian Robinson Jr.,SFO,RB,26,17,0,0,0,0,0,0,92,400,4.35,2,12,8,25,3.13,0,0,0,2,,,55,62.5,65.5,58.5,,58,,RobiBr01
246,Isaiah Likely,BAL,TE,25,14,7,0,0,0,0,0,0,0,,0,36,27,307,11.37,1,2,1,1,,,35,61.7,65.7,48.2,,50,,LikeIs00
247,Devin Neal,NOR,RB,22,10,3,0,0,0,0,0,57,206,3.61,2,19,17,104,6.12,0,0,0,2,,,43,60.0,66.0,51.5,,67,,NealDe00
248,Cedric Tillman,CLE,WR,25,13,10,0,0,0,0,0,0,0,,0,39,21,270,12.86,2,0,0,2,,,39,60.0,63.0,49.5,,97,,TillCe01
249,Daniel Bellinger,NYG,TE,25,16,10,0,0,0,0,0,0,0,,0,26,19,286,15.05,2,0,0,2,,,41,59.6,62.6,50.1,,42,,BellDa00
250,Tyrod Taylor,NYJ,QB,36,6,4,80,134,779,5,5,27,143,5.30,1,0,0,0,,0,1,1,1,,,59,59.5,71.5,64.5,,42,,TaylTy00
251,Austin Hooper,NWE,TE,31,16,6,0,0,0,0,0,0,0,,0,26,21,263,12.52,2,0,0,2,,,38,59.3,62.3,48.8,,46,,HoopAu00
252,Isaiah Williams,NYJ,WR,24,15,2,0,1,0,0,0,3,34,11.33,0,36,26,193,7.42,0,1,1,2,,,33,58.7,62.7,45.7,,105,,WillIs03
253,Emari Demercado,ARI,RB,26,13,0,0,0,0,0,0,44,312,7.09,0,20,13,101,7.77,1,1,1,1,,,45,58.3,65.3,51.8,,64,,DemeEm00
254,Demarcus Robinson,SFO,WR,31,14,2,0,0,0,0,0,1,6,6.00,0,35,22,276,12.55,1,0,0,1,1,,36,58.2,61.2,47.2,,102,,RobiDe01
255,Elijah Higgins,ARI,TE,25,17,10,0,0,0,0,0,0,0,,0,37,30,301,10.03,0,1,1,0,,,28,58.1,62.1,43.1,,54,,HiggEl00
256,Christian Kirk,HOU,WR,29,13,3,0,0,0,0,0,0,0,,0,52,28,239,8.54,1,0,0,1,,,30,57.9,60.9,43.9,,114,,KirkCh01
257,Malik Nabers,NYG,WR,22,4,4,0,0,0,0,0,0,0,,0,35,18,271,15.06,2,0,0,2,,,39,57.1,60.1,48.1,,96,,NabeMa00
258,Kyle Juszczyk*+,SFO,FB,34,17,17,0,0,0,0,0,2,-3,-1.50,0,28,24,213,8.88,2,0,0,2,,,33,57.0,60.0,45.0,,71,,JuszKy00
259,Keaton Mitchell,BAL,RB,23,13,0,0,0,0,0,0,59,341,5.78,1,12,9,63,7.00,0,1,0,1,,,46,55.4,58.4,50.9,,63,,MitcKe01
260,Rashod Bateman,BAL,WR,26,13,12,0,0,0,0,0,0,0,,0,38,19,224,11.79,2,0,0,2,1,,36,55.4,58.4,45.9,,101,,BateRa00
261,Josh Oliver,MIN,TE,28,15,7,0,0,0,0,0,0,0,,0,19,15,160,10.67,4,0,0,4,,,40,55.0,58.0,47.5,,43,,OlivJo00
262,Isaiah Bond,CLE,WR,21,16,2,0,0,0,0,0,5,29,5.80,0,44,18,338,18.78,0,0,0,0,,,37,54.7,57.7,45.7,,99,,BondIs00
263,Ollie Gordon,MIA,RB,21,17,1,0,0,0,0,0,70,199,2.84,3,9,7,32,4.57,1,0,0,4,,,47,54.1,57.1,50.6,,62,,GordOl00
264,Ja'Tavion Sanders,CAR,TE,22,13,5,0,0,0,0,0,0,0,,0,34,29,190,6.55,1,0,0,1,,,25,54.0,57.0,39.5,,58,,SandJa01
265,Tyreek Hill,MIA,WR,31,4,4,0,0,0,0,0,0,0,,0,29,21,265,12.62,1,0,0,1,,,33,53.5,56.5,43.0,,106,,HillTy00
266,Jackson Hawes,BUF,TE,25,17,8,0,0,0,0,0,0,0,,0,19,16,187,11.69,3,0,0,3,,,37,52.7,55.7,44.7,,49,,HaweJa00
267,Tank Bigsby,PHI,RB,24,16,1,0,0,0,0,0,58,344,5.93,2,4,3,32,10.67,0,0,0,2,,,1,52.6,55.6,51.1,,128,,BigsTa00
268,Josh Palmer,BUF,WR,26,12,8,0,0,0,0,0,0,0,,0,37,22,303,13.77,0,0,0,0,,,30,52.3,55.3,41.3,,111,,PalmJo00
269,Rashid Shaheed*,SEA,WR,27,9,4,0,0,0,0,0,7,64,9.14,0,26,15,188,12.53,0,1,0,2,,,60,52.2,55.2,44.7,,67,,ShahRa00
270,Terrance Ferguson,LAR,TE,22,14,3,0,0,0,0,0,1,0,0.00,0,25,11,231,21.00,3,0,0,3,,,41,52.1,55.1,46.6,,40,,FergTe00
271,Tim Patrick,JAX,WR,32,16,3,0,0,0,0,0,0,0,,0,24,15,187,12.47,3,0,0,3,,,37,51.7,54.7,44.2,,100,,PatrTi00
272,Luke McCaffrey,WAS,WR,24,9,0,0,0,0,0,0,0,0,,0,15,11,203,18.45,3,0,0,3,1,,40,51.3,54.3,45.8,,93,,McCaLu00
273,Malik Willis,GNB,QB,26,4,1,30,35,422,3,0,22,123,5.59,2,0,0,0,,0,2,1,2,,,51,51.2,58.2,51.2,,43,,WillMa12
274,Jahan Dotson,PHI,WR,25,17,10,0,0,0,0,0,0,0,,0,36,18,262,14.56,1,0,0,1,,,32,50.2,53.2,41.2,,107,,DotsJa00
275,Tyler Lockett,LVR,WR,33,10,1,0,0,0,0,0,0,0,,0,34,22,221,10.05,1,0,0,1,,,13,50.1,53.1,39.1,,152,,LockTy00
276,Russell Wilson,NYG,QB,37,6,3,69,119,831,3,3,18,106,5.89,0,0,0,0,,0,3,0,0,,,50,49.8,58.8,52.8,,44,,WilsRu00
277,Dyami Brown,JAX,WR,26,14,6,0,0,0,0,0,6,30,5.00,0,37,20,227,11.35,1,1,1,1,,,30,49.7,53.7,39.7,,115,,BrowDy00
278,Kyle Williams,NWE,WR,23,17,0,0,0,0,0,0,2,3,1.50,0,21,10,209,20.90,3,0,0,3,,,39,49.2,52.2,44.2,,95,,WillKy03
279,Jaylin Lane,WAS,WR,23,15,4,0,0,0,0,0,1,7,7.00,0,32,16,225,14.06,0,3,1,2,,,33,49.2,53.2,41.2,,104,,LaneJa00
280,Luke Musgrave,GNB,TE,25,17,10,0,0,0,0,0,0,0,,0,31,24,252,10.50,0,1,0,0,,,25,49.2,52.2,37.2,,57,,MusgLu00
281,David Sills V,ATL,WR,29,17,4,0,0,0,0,0,0,0,,0,36,18,191,10.61,2,0,0,2,,,31,49.1,52.1,40.1,,109,,SillDa01
282,Jake Browning,CIN,QB,29,5,3,81,125,771,6,8,9,39,4.33,1,0,0,0,,0,1,0,1,,,49,48.7,59.7,56.7,,45,,BrowJa08
283,Jayden Reed,GNB,WR,25,7,3,0,0,0,0,0,3,28,9.33,0,22,19,207,10.89,1,0,0,1,,,30,48.5,51.5,39.0,,116,,ReedJa03
284,Xavier Smith,LAR,WR,28,16,3,0,0,0,0,0,0,0,,0,24,18,303,16.83,0,0,0,0,,,30,48.3,51.3,39.3,,113,,SmitXa00
285,Jaylen Wright,MIA,RB,22,10,1,0,0,0,0,0,70,288,4.11,2,9,5,44,8.80,0,2,1,2,,,43,48.2,52.2,45.7,,66,,WrigJa04
286,Mitchell Evans,CAR,TE,22,17,10,0,0,0,0,0,1,1,1.00,0,25,19,171,9.00,2,0,0,2,,,29,48.2,51.2,38.7,,52,,EvanMi01
287,Audric Estime,NOR,RB,22,7,1,0,0,0,0,0,46,198,4.30,1,13,12,103,8.58,0,0,0,1,,,36,48.1,54.1,42.1,,70,,EstiAu00
288,Tanner Hudson,CIN,TE,31,15,1,0,0,0,0,0,0,0,,0,24,19,168,8.84,2,0,0,2,,,29,47.8,50.8,38.3,,53,,HudsTa00
289,Calvin Ridley,TEN,WR,31,7,6,0,0,0,0,0,0,0,,0,36,17,303,17.82,0,0,0,0,,,30,47.3,50.3,38.8,,112,,RidlCa00
290,Jeremy Ruckert,NYJ,TE,25,17,15,0,0,0,0,0,0,0,,0,29,23,179,7.78,1,0,0,1,,,24,46.9,49.9,35.4,,60,,RuckJe00
291,Jalen Tolbert,DAL,WR,26,13,8,0,0,0,0,0,0,0,,0,34,18,203,11.28,1,0,0,1,1,,28,46.3,49.3,37.3,,117,,TolbJa00
292,Tyrell Shavers,BUF,WR,26,17,9,0,0,0,0,0,0,0,,0,23,15,245,16.33,1,0,0,1,,,31,45.5,48.5,38.0,,110,,ShavTy00
293,Adam Trautman,DEN,TE,28,17,12,0,0,0,0,0,0,0,,0,23,20,195,9.75,1,0,0,1,,,26,45.5,48.5,35.5,,56,,TrauAd00
294,Jerome Ford,CLE,RB,26,13,0,0,0,0,0,0,24,73,3.04,0,32,26,103,3.96,0,0,0,0,,,18,43.6,46.6,30.6,,85,,FordJe00
295,Jameis Winston,NYG,QB,31,3,2,37,66,567,2,2,7,23,3.29,1,1,1,33,33.00,1,1,1,2,,,42,43.3,49.3,44.8,,46,,WinsJa00
296,Jack Bech,LVR,WR,23,16,5,0,0,0,0,0,0,0,,0,29,20,224,11.20,0,0,0,0,,,22,42.4,45.4,32.4,,124,,BechJa00
297,Taysom Hill,NOR,TE,35,13,5,2,6,57,1,0,52,114,2.19,1,16,11,91,8.27,0,3,1,1,,,31,41.8,45.8,36.3,,51,,HillTa00
298,Malik Davis,DAL,RB,27,10,0,0,0,0,0,0,52,250,4.81,2,5,2,16,8.00,0,0,0,2,,,39,40.6,43.6,39.6,,68,,DaviMa02
299,Tyler Huntley,BAL,QB,27,5,2,52,67,426,2,0,24,151,6.29,0,0,0,0,,0,0,0,0,,,40,40.1,46.1,40.1,,47,,HuntTy01
300,Zavier Scott,MIN,RB,26,16,0,0,0,0,0,0,32,114,3.56,0,16,14,98,7.00,1,2,1,1,,,25,39.2,43.2,32.2,,75,,ScotZa00
301,Noah Gray,KAN,TE,26,16,6,0,0,0,0,0,0,0,,0,37,21,178,8.48,0,0,0,0,,,18,38.8,41.8,28.3,,65,,GrayNo00
302,Chris Moore,WAS,WR,32,14,5,0,0,0,0,0,1,9,9.00,0,23,11,207,18.82,1,0,0,1,,,28,38.6,41.6,33.1,,118,,MoorCh00
303,Roman Wilson,PIT,WR,24,13,4,0,0,0,0,0,0,0,,0,21,12,166,13.83,2,1,1,2,,,27,38.6,42.6,32.6,,119,,WilsRo02
304,Tyler Johnson,NYJ,WR,27,12,5,0,0,0,0,0,0,0,,0,18,12,197,16.42,1,0,0,1,,,26,37.7,40.7,31.7,,120,,JohnTy00
305,Devontez Walker,BAL,WR,24,12,3,0,0,0,0,0,0,0,,0,8,6,136,22.67,3,0,0,3,,,32,37.6,40.6,34.6,,108,,WalkDe01
306,Hunter Luepke,DAL,RB,25,17,5,0,0,0,0,0,16,71,4.44,0,15,13,109,8.38,1,0,0,1,,,24,37.0,40.0,30.5,,76,,LuepHu00
307,Elijah Arroyo,SEA,TE,22,13,4,0,0,0,0,0,0,0,,0,26,15,179,11.93,1,1,1,1,,,22,36.9,40.9,29.4,,62,,ArroEl00
308,Brock Wright,DET,TE,27,11,8,0,0,0,0,0,0,0,,0,22,14,108,7.71,2,0,0,2,,,23,36.8,39.8,29.8,,61,,WrigBr01
309,Jordan Whittington,LAR,WR,25,17,6,0,0,0,0,0,3,12,4.00,0,25,18,171,9.50,0,0,0,0,,,18,36.3,39.3,27.3,,135,,WhitJo04
310,Charlie Kolar,BAL,TE,26,17,7,0,0,0,0,0,0,0,,0,15,10,142,14.20,2,0,0,2,,,26,36.2,39.2,31.2,,55,,KolaCh00
311,Hunter Renfrow,CAR,WR,30,6,2,0,0,0,0,0,0,0,,0,26,15,89,5.93,2,0,0,2,,,21,35.9,35.9,28.4,,125,,RenfHu00
312,Ameer Abdullah,IND,RB,32,13,0,0,0,0,0,0,14,60,4.29,1,17,16,99,6.19,0,1,1,1,,,20,35.9,36.9,27.9,,81,,AbduAm00
313,Brandin Cooks,NOR,WR,32,10,3,0,0,0,0,0,0,0,,0,25,19,165,8.68,0,0,0,0,,,11,35.5,38.5,26.0,,156,,CookBr00
314,Trey Benson,ARI,RB,23,4,1,0,0,0,0,0,29,160,5.52,0,16,13,64,4.92,0,0,0,0,,,22,35.4,38.4,28.9,,79,,BensTr01
315,Tyler Badie,DEN,RB,25,16,0,0,0,0,0,0,8,23,2.88,0,31,19,141,7.42,0,0,0,0,,,16,35.4,38.4,25.9,,89,,BadiTy00
316,Gunner Olszewski,NYG,WR,29,16,1,1,2,33,1,0,0,0,,0,13,10,145,14.50,1,1,1,1,,,24,33.8,37.8,28.8,,122,,OlszGu00
317,Kendre Miller,NOR,RB,23,7,0,0,0,0,0,0,47,193,4.11,1,5,5,30,6.00,0,0,0,1,,,28,33.3,36.3,30.8,,72,,MillKe01
318,James Conner,ARI,RB,30,3,3,0,0,0,0,0,32,95,2.97,1,9,8,38,4.75,1,1,0,2,,,25,33.3,33.3,29.3,,74,,ConnJa00
319,Quinn Ewers,MIA,QB,22,4,3,55,83,622,3,3,8,19,2.38,0,1,1,-6,-6.00,0,3,0,0,,,32,33.2,39.2,35.7,,48,,EwerQu00
320,Kevin Austin,NOR,WR,25,8,1,0,0,0,0,0,0,0,,0,23,13,140,10.77,1,0,0,1,,,20,33.0,36.0,26.5,,129,,AustKe00
321,Chris Brooks,GNB,RB,25,17,0,0,0,0,0,0,27,106,3.93,0,17,13,91,7.00,0,0,0,0,,,20,32.7,35.7,26.2,,82,,BrooCh00
322,Hunter Long,JAX,TE,27,9,3,0,0,0,0,0,0,0,,0,17,12,85,7.08,2,1,0,2,,,21,32.5,32.5,26.5,,63,,LongHu00
323,Drew Sample,CIN,TE,29,17,12,0,0,0,0,0,1,3,3.00,0,20,15,106,7.07,1,0,0,1,,,17,31.9,34.9,24.4,,68,,SampDr00
324,Philip Rivers,IND,QB,44,3,3,58,92,544,4,3,2,-1,-0.50,0,0,0,0,,0,2,0,0,,,32,31.7,37.7,34.7,,49,,RivePh00
325,Mitchell Tinsley,CIN,WR,26,17,4,0,0,0,0,0,0,0,,0,24,8,116,14.50,2,0,0,2,,,24,31.6,34.6,27.6,,123,,TinsMi00
326,Malachi Corley,CLE,WR,23,13,5,0,0,0,0,0,13,127,9.77,0,14,11,79,7.18,0,0,0,0,,,21,31.6,34.6,26.1,,127,,CorlMa00
327,Jaleel McLaughlin,DEN,RB,25,8,1,0,0,0,0,0,37,187,5.05,1,6,4,27,6.75,0,0,0,1,,,27,31.4,34.4,29.4,,73,,McLaJa00
328,Tutu Atwell,LAR,WR,26,10,4,0,0,0,0,0,0,0,,0,15,6,192,32.00,1,0,0,1,,,25,31.2,34.2,28.2,,121,,AtweTu00
329,Mitchell Trubisky,BUF,QB,31,4,0,25,35,313,4,0,9,6,0.67,0,0,0,0,,0,0,0,0,,1,31,31.1,34.1,31.1,,50,,TrubMi00
330,Julian Hill,MIA,TE,25,14,11,0,0,0,0,0,0,0,,0,20,15,140,9.33,0,0,0,0,1,,16,31.0,34.0,23.5,,70,,HillJu02
331,Gabe Davis,BUF,WR,26,6,5,0,0,0,0,0,0,0,,0,18,12,129,10.75,1,0,0,1,,,19,30.9,33.9,24.9,,133,,DaviGa01
332,Mo Alie-Cox,IND,TE,32,17,6,0,0,0,0,0,0,0,,0,20,13,117,9.00,1,0,0,1,,,18,30.7,33.7,24.2,,66,,AlieMo00
333,Zay Jones,ARI,WR,30,8,0,0,0,0,0,0,0,0,,0,18,12,183,15.25,0,0,0,0,,,18,30.3,33.3,24.3,,134,,JoneZa00
334,Brycen Tremayne,CAR,WR,26,16,1,0,0,0,0,0,0,0,,0,18,14,160,11.43,0,1,0,0,,,16,30.0,33.0,23.0,,140,,TremBr00
335,Jalen McMillan,TAM,WR,24,4,2,0,0,0,0,0,1,1,1.00,0,15,12,178,14.83,0,0,0,0,,,18,29.9,32.9,23.9,,136,,McMiJa01
336,Jawhar Jordan,HOU,RB,26,4,0,0,0,0,0,0,43,193,4.49,0,7,7,34,4.86,0,0,0,0,,,23,29.7,32.7,26.2,,77,,JordJa00
337,Luke Farrell,SFO,TE,28,17,4,0,0,0,0,0,0,0,,0,14,11,85,7.73,2,1,1,2,,,19,29.5,30.5,24.0,,64,,FarrLu00
338,Raheem Mostert,LVR,RB,33,12,0,0,0,0,0,0,22,104,4.73,0,12,12,70,5.83,0,0,0,0,,,17,29.4,32.4,23.4,,86,,MostRa00
339,Riley Leonard,IND,QB,23,5,1,39,67,415,2,3,6,27,4.50,2,0,0,-3,,0,2,2,2,,,29,29.0,37.0,32.0,,51,,LeonRi02
340,Treylon Burks,WAS,WR,25,8,3,0,0,0,0,0,0,0,,0,22,10,130,13.00,1,0,0,1,,,19,29.0,32.0,24.0,,132,,BurkTr00
341,Jimmy Horn,CAR,WR,23,13,0,0,0,0,0,0,8,69,8.63,0,15,11,108,9.82,0,0,0,0,,,18,28.7,31.7,23.2,,137,,HornJi00
342,Elijah Moore,BUF,WR,25,9,2,0,0,0,0,0,6,24,4.00,1,17,9,112,12.44,0,0,0,1,,,20,28.6,31.6,24.1,,131,,MoorEl00
343,Brady Cook,NYJ,QB,24,5,4,88,153,739,2,7,13,49,3.77,0,0,0,0,,0,3,1,0,,1,28,28.5,39.5,35.5,,52,,CookBr03
344,Ben Sinnott,WAS,TE,23,16,3,0,0,0,0,0,0,0,,0,13,11,114,10.36,1,0,0,1,,,17,28.4,31.4,22.9,,67,,SinnBe00
345,Isaiah Hodgins,NYG,WR,27,7,5,0,0,0,0,0,0,0,,0,19,10,115,11.50,1,0,0,1,,,18,27.5,30.5,22.5,,138,,HodgIs00
346,Connor Heyward,PIT,TE,26,17,2,0,0,0,0,0,15,43,2.87,2,4,3,21,7.00,1,0,0,3,,,24,27.4,27.4,25.9,,59,,HeywCo00
347,John Bates,WAS,TE,28,15,11,0,0,0,0,0,0,0,,0,16,11,103,9.36,1,0,0,1,,,16,27.3,30.3,21.8,,69,,BateJo00
348,Luke Schoonmaker,DAL,TE,27,17,7,0,0,0,0,0,0,0,,0,23,14,132,9.43,0,0,0,0,,,13,27.2,30.2,20.2,,73,,SchoLu00
349,Jahdae Walker,CHI,WR,23,9,1,0,0,0,0,0,0,0,,0,10,6,87,14.50,2,0,0,2,,,21,26.7,26.7,23.7,,126,,WalkJa03
350,Miles Sanders,DAL,RB,28,4,0,0,0,0,0,0,20,117,5.85,1,8,8,30,3.75,0,1,1,1,,,19,26.7,30.7,22.7,,84,,SandMi01
351,Joe Flacco*,CLE,QB,40,4,4,93,160,815,2,6,6,13,2.17,0,0,0,0,,0,2,2,0,,,121,25.9,36.9,31.9,,32,,FlacJo00
352,Theo Wease,MIA,WR,24,3,0,0,0,0,0,0,0,0,,0,10,6,139,23.17,1,0,0,1,,,20,25.9,28.9,22.9,,130,,WeasTh00
353,Jaret Patterson,LAC,RB,26,6,1,0,0,0,0,0,41,159,3.88,1,4,3,8,2.67,0,0,0,1,,,23,25.7,28.7,24.2,,78,,PattJa01
354,Savion Williams,GNB,WR,24,12,0,0,0,0,0,0,11,37,3.36,0,10,10,78,7.80,1,1,1,1,,,16,25.5,26.5,20.5,,141,,WillSa01
355,Konata Mumpfield,LAR,WR,23,17,0,0,0,0,0,0,0,0,,0,23,10,92,9.20,1,0,0,1,,,15,25.2,25.2,20.2,,142,,MumpKo00
356,John FitzPatrick,GNB,TE,25,15,4,0,0,0,0,0,0,0,,0,15,12,72,6.00,1,0,0,1,,,13,25.2,25.2,19.2,,74,,FitzJo00
357,Lil'Jordan Humphrey,DEN,WR,27,7,2,0,0,0,0,0,0,0,,0,15,9,101,11.22,1,0,0,1,,,16,25.1,28.1,20.6,,139,,HumpLi01
358,LeQuint Allen,JAX,RB,21,17,1,0,0,0,0,0,23,94,4.09,0,11,10,54,5.40,0,0,0,0,,,15,24.8,24.8,19.8,,91,,AlleLe01
359,Josh Johnson,WAS,QB,39,5,2,34,54,372,1,2,12,55,4.58,1,0,0,0,,0,2,1,1,,,24,24.4,30.4,26.4,,53,,JohnJo05
360,Ian Thomas,LVR,TE,29,15,10,0,0,0,0,0,0,0,,0,13,13,114,8.77,0,0,0,0,,,11,24.4,27.4,17.9,,76,,ThomIa00
361,Bo Melton,GNB,WR,26,16,1,0,0,0,0,0,5,35,7.00,0,13,4,107,26.75,1,0,0,1,,,20,24.2,27.2,22.2,,128,,MeltBo00
362,Rasheen Ali,BAL,RB,24,15,0,0,0,0,0,0,7,24,3.43,0,11,9,68,7.56,1,0,0,1,,,15,24.2,24.2,19.7,,90,,AlixRa00
363,Dare Ogunbowale,HOU,RB,31,17,0,0,0,0,0,0,11,25,2.27,1,13,10,76,7.60,0,1,1,1,,,14,24.1,25.1,19.1,,93,,OgunDa00
364,Brevyn Spann-Ford,DAL,TE,26,17,5,0,0,0,0,0,0,0,,0,13,9,90,10.00,1,0,0,1,,,15,24.0,24.0,19.5,,71,,SpanBr00
365,Marquez Valdes-Scantling,PIT,WR,31,5,1,0,0,0,0,0,0,0,,0,21,10,80,8.00,1,1,0,1,,,14,24.0,24.0,19.0,,146,,ValdMa00
366,Dont'e Thornton,LVR,WR,23,15,8,0,0,0,0,0,0,0,,0,30,10,135,13.50,0,0,0,0,,,14,23.5,26.5,18.5,,149,,ThorDo00
367,Antonio Gibson,NWE,RB,27,5,0,0,0,0,0,0,25,106,4.24,1,3,2,6,3.00,0,2,1,2,,,21,23.2,27.2,22.2,,80,,GibsAn00
368,Josh Reynolds,NYJ,WR,30,5,3,0,0,0,0,0,0,0,,0,21,11,101,9.18,0,0,0,0,1,,12,23.1,26.1,17.6,,154,,ReynJo00
369,Andrew Beck,NYJ,FB,29,17,2,0,0,0,0,0,1,5,5.00,0,9,6,45,7.50,2,0,0,2,,,17,23.0,23.0,20.0,,88,,BeckAn01
370,Allen Lazard,NYJ,WR,30,10,2,0,0,0,0,0,0,0,,0,18,10,70,7.00,1,0,0,1,,,13,23.0,23.0,18.0,,151,,LazaAl00
371,Tyler Lockett,TEN,WR,33,7,1,0,0,0,0,0,0,0,,0,21,10,70,7.00,0,0,0,1,,,13,23.0,23.0,18.0,,152,,LockTy00
372,Adam Thielen,PIT,WR,35,5,3,0,0,0,0,0,0,0,,0,17,11,117,10.64,0,0,0,0,,,9,22.7,25.7,17.2,,168,,ThieAd00
373,Grant Calcaterra,PHI,TE,27,15,6,0,0,0,0,0,0,0,,0,13,9,76,8.44,1,0,0,1,,,14,22.6,22.6,18.1,,72,,CalcGr00
374,Adonai Mitchell,IND,WR,23,8,1,0,0,0,0,0,0,0,,0,16,9,152,16.89,0,1,1,0,,,13,22.2,26.2,17.7,,150,,MitcAd00
375,Curtis Samuel,BUF,WR,29,6,0,0,0,0,0,0,0,0,,0,9,7,81,11.57,1,0,0,1,,,14,21.1,21.1,17.6,,145,,SamuCu00
376,Jamari Thrash,CLE,WR,25,9,1,0,0,0,0,0,0,0,,0,15,10,107,10.70,0,0,0,0,,,11,20.7,23.7,15.7,,158,,ThraJa01
377,Will Dissly,LAC,TE,29,9,2,0,0,0,0,0,0,0,,0,16,11,97,8.82,0,0,0,0,,,10,20.7,20.7,15.2,,81,,DissWi00
378,Jaydon Blue,DAL,RB,21,5,0,0,0,0,0,0,38,129,3.39,1,1,1,5,5.00,0,1,0,1,,,19,20.4,23.4,19.9,,83,,BlueJa01
379,Mason Tipton,NOR,WR,25,14,3,0,0,0,0,0,4,18,4.50,0,17,11,76,6.91,0,1,0,0,,,9,20.4,20.4,14.9,,163,,TiptMa00
380,Raheim Sanders,CLE,RB,23,4,1,0,0,0,0,0,27,92,3.41,1,4,3,21,7.00,0,0,0,1,,,17,20.3,20.3,18.8,,87,,SandRa00
381,Johnny Mundt,JAX,TE,31,16,6,0,0,0,0,0,0,0,,0,19,9,111,12.33,0,0,0,0,,,11,20.1,23.1,15.6,,77,,MundJo00
382,Ashton Dulin,IND,WR,28,12,2,0,0,0,0,0,3,44,14.67,0,10,5,106,21.20,0,0,0,0,,,15,20.0,23.0,17.5,,143,,DuliAs00
383,Nick Westbrook-Ikhine,MIA,WR,28,15,3,0,0,0,0,0,0,0,,0,20,11,89,8.09,0,0,0,0,,,9,19.9,19.9,14.4,,167,,WestNi00
384,Cade Stover,HOU,TE,25,9,7,0,0,0,0,0,4,3,0.75,0,16,12,76,6.33,0,0,0,0,,,8,19.9,19.9,13.9,,87,,StovCa00
385,Dante Pettis,NOR,WR,30,8,0,0,0,0,0,0,0,0,,0,11,9,127,14.11,0,1,1,0,,,11,19.7,23.7,15.2,,159,,PettDa00
386,Darius Cooper,PHI,WR,24,13,0,0,0,0,0,0,0,0,,0,11,9,92,10.22,0,0,0,0,,,9,18.2,18.2,13.7,,165,,CoopDa01
387,Tanner Conner,MIA,TE,27,9,0,0,0,0,0,0,0,0,,0,15,9,91,10.11,0,0,0,0,,,9,18.1,18.1,13.6,,83,,ConnTa00
388,Cody White,SEA,WR,27,10,0,0,0,0,0,0,0,0,,0,4,3,90,30.00,1,0,0,1,,,15,18.0,18.0,16.5,,144,,WhitCo05
389,Kameron Johnson,TAM,WR,23,17,0,0,0,0,0,0,2,13,6.50,0,7,4,64,16.00,1,2,0,1,,,14,17.7,17.7,15.7,,147,,JohnKa01
390,Quintin Morris,JAX,TE,26,14,5,0,0,0,0,0,0,0,,0,9,6,55,9.17,1,0,0,1,,,12,17.5,17.5,14.5,,75,,MorrQu00
391,Will Shipley,PHI,RB,23,15,0,0,0,0,0,0,14,49,3.50,0,12,9,56,6.22,0,1,1,0,,,9,17.5,18.5,13.0,,105,,ShipWi00
392,Tyler Conklin,LAC,TE,30,13,5,0,0,0,0,0,1,2,2.00,0,10,7,101,14.43,0,1,0,0,,,10,17.3,20.3,13.8,,80,,ConkTy00
393,Ben Skowronek*,PIT,WR,28,17,3,0,0,0,0,0,0,0,,0,6,4,69,17.25,1,0,0,1,,,13,16.9,16.9,14.9,,153,,SkowBe00
394,Adam Thielen,MIN,WR,35,11,4,0,0,0,0,0,0,0,,0,18,8,69,8.63,0,0,0,0,1,,9,16.9,16.9,12.9,,168,,ThieAd00
395,Nate Adkins,DEN,TE,26,9,6,0,0,0,0,0,0,0,,0,11,6,48,8.00,1,0,0,1,,,11,16.8,16.8,13.8,,78,,AdkiNa00
396,Jack Stoll,NOR,TE,27,15,4,0,0,0,0,0,0,0,,0,11,6,46,7.67,1,0,0,1,,,11,16.6,16.6,13.6,,79,,StolJa00
397,Efton Chism,NWE,WR,24,8,1,0,0,0,0,0,0,0,,0,3,3,75,25.00,1,0,0,1,,,14,16.5,16.5,15.0,,148,,ChisEf00
398,Brandin Cooks,BUF,WR,32,5,2,0,0,0,0,0,0,0,,0,11,5,114,22.80,0,0,0,0,,,11,16.4,19.4,13.9,,156,,CookBr00
399,Trayveon Williams,CLE,RB,28,4,0,0,0,0,0,0,7,37,5.29,0,8,7,55,7.86,0,0,0,0,,,9,16.2,16.2,12.7,,101,,WillTr06
400,KeAndre Lambert-Smith,LAC,WR,24,10,2,0,0,0,0,0,0,0,,0,12,5,51,10.20,1,0,0,1,,,11,16.1,16.1,13.6,,157,,LambKe01
401,Shedrick Jackson,LVR,WR,26,5,0,0,0,0,0,0,1,3,3.00,0,5,4,56,14.00,1,0,0,1,,,12,15.9,15.9,13.9,,155,,JackSh01
402,Adam Prentice,DEN,FB,28,17,3,0,0,0,0,0,10,44,4.40,0,8,6,53,8.83,0,0,0,0,,,10,15.7,15.7,12.7,,99,,PrenAd00
403,C.J. Ham,MIN,FB,32,11,1,0,0,0,0,0,3,5,1.67,2,2,2,11,5.50,0,0,0,2,,,14,15.6,15.6,14.6,,94,,HamxC.00
404,Casey Washington,ATL,WR,24,7,2,0,0,0,0,0,0,0,,0,14,6,94,15.67,0,0,0,0,,,9,15.4,15.4,12.4,,162,,WashCa01
405,Braelon Allen,NYJ,RB,21,4,0,0,0,0,0,0,18,76,4.22,1,3,2,17,8.50,0,1,1,1,,,13,15.3,16.3,14.3,,95,,AlleBr05
406,Terrell Jennings,NWE,RB,24,7,0,0,0,0,0,0,23,73,3.17,1,1,1,9,9.00,0,0,0,1,,,14,15.2,15.2,14.7,,92,,JennTe00
407,Scott Miller,PIT,WR,28,13,0,0,0,0,0,0,0,0,,0,14,9,62,6.89,0,0,0,0,,,6,15.2,15.2,10.7,,176,,MillSc01
408,Mason Rudolph,PIT,QB,30,5,1,38,52,310,2,2,7,6,0.86,0,0,0,0,,0,1,1,0,,,15,15.0,21.0,17.0,,54,,RudoMa00
409,George Holani,SEA,RB,26,11,0,0,0,0,0,0,22,73,3.32,1,2,2,15,7.50,0,1,1,1,,,13,14.8,15.8,13.8,,96,,HolaGe00
410,Skyy Moore,SFO,WR,25,17,0,0,0,0,0,0,2,11,5.50,0,7,5,87,17.40,0,1,0,0,,,10,14.8,14.8,12.3,,161,,MoorSk01
411,Josh Whyle,GNB,TE,26,8,1,0,0,0,0,0,0,0,,0,6,5,36,7.20,1,0,0,1,,,10,14.6,14.6,12.1,,82,,WhylJo01
412,Malik Heath,GNB,WR,25,11,0,0,0,0,0,0,0,0,,0,7,6,86,14.33,0,0,0,0,,,9,14.6,14.6,11.6,,169,,HeatMa00
413,Tylan Wallace,BAL,WR,26,14,2,0,0,0,0,0,0,0,,0,8,4,45,11.25,1,0,0,1,,,11,14.5,14.5,12.5,,160,,WallTy00
414,Alec Ingold,MIA,FB,29,17,10,0,0,0,0,0,2,9,4.50,0,11,8,52,6.50,0,0,0,0,,,6,14.1,14.1,10.1,,111,,IngoAl01
415,Tanner McKee,PHI,QB,25,4,1,24,43,274,1,1,8,8,1.00,0,0,0,0,,0,0,0,0,,,14,13.8,14.8,14.8,,55,,McKeTa01
416,Xavier Weaver,ARI,WR,25,10,2,0,0,0,0,0,0,0,,0,13,7,67,9.57,0,0,0,0,,,7,13.7,13.7,10.2,,172,,WeavXa00
417,Trey Lance,LAC,QB,25,4,1,27,57,226,0,1,17,85,5.00,0,0,0,0,,0,1,1,0,,,14,13.5,15.5,14.5,,56,,LancTr00
418,Arian Smith,NYJ,WR,24,16,5,0,0,0,0,0,4,13,3.25,0,16,7,52,7.43,0,0,0,0,,,7,13.5,13.5,10.0,,173,,SmitAr01
419,Noah Brown,WAS,WR,29,4,4,0,0,0,0,0,0,0,,0,10,5,83,16.60,0,0,0,0,,,8,13.3,13.3,10.8,,171,,BrowNo00
420,Anthony Firkser,DET,TE,30,7,4,0,0,0,0,0,0,0,,0,10,8,53,6.63,0,0,0,0,,,5,13.3,13.3,9.3,,90,,FirkAn00
421,Austin Ekeler,WAS,RB,30,2,2,0,0,0,0,0,14,43,3.07,0,7,5,38,7.60,0,0,0,0,,,8,13.1,13.1,10.6,,106,,EkelAu00
422,Michael Bandy,DEN,WR,28,4,0,0,0,0,0,0,0,0,,0,4,4,50,12.50,1,1,1,1,,,9,13.0,14.0,11.0,,166,,BandMi00
423,David Martin-Robinson,TEN,TE,26,17,4,0,0,0,0,0,0,0,,0,6,4,30,7.50,1,0,0,1,,,9,13.0,13.0,11.0,,84,,MartDa01
424,Foster Moreau,NOR,TE,28,11,9,0,0,0,0,0,0,0,,0,10,7,59,8.43,0,0,0,0,,,6,12.9,12.9,9.4,,89,,MoreFo00
425,Charlie Woerner,ATL,TE,28,17,13,0,0,0,0,0,0,0,,0,9,8,48,6.00,0,0,0,0,,,5,12.8,12.8,8.8,,93,,WoerCh00
426,Andrew Ogletree,IND,TE,27,15,5,0,0,0,0,0,0,0,,0,6,4,27,6.75,1,0,0,1,,,9,12.7,12.7,10.7,,85,,OgleAn00
427,James Proche,TEN,WR,29,9,2,0,0,0,0,0,0,0,,0,12,6,65,10.83,0,0,0,0,,,7,12.5,12.5,9.5,,174,,ProcJa00
428,Ray-Ray McCloud,ATL,WR,29,4,1,0,0,0,0,0,0,0,,0,14,6,64,10.67,0,0,0,0,,,6,12.4,12.4,9.4,,175,,McClRa00
429,Gage Larvadain,CLE,WR,23,13,0,0,0,0,0,0,1,3,3.00,0,14,7,71,10.14,0,4,1,0,,,5,12.4,13.4,8.9,,178,,LarvGa00
430,Stone Smartt,NYJ,TE,27,15,1,0,0,0,0,0,0,0,,0,9,7,52,7.43,0,0,0,0,,,5,12.2,12.2,8.7,,91,,SmarSt00
431,Trevor Etienne,CAR,RB,21,17,0,0,0,0,0,0,20,94,4.70,0,3,3,13,4.33,0,2,1,0,,,9,11.7,12.7,10.2,,103,,EtieTr01
432,Najee Harris,LAC,RB,27,3,0,0,0,0,0,0,15,61,4.07,0,3,3,25,8.33,0,0,0,0,,,9,11.6,11.6,10.1,,104,,HarrNa00
433,Ryan Miller,TAM,WR,25,13,3,0,0,0,0,0,0,0,,0,4,2,34,17.00,1,0,0,1,,,9,11.4,11.4,10.4,,164,,MillRy01
434,Chris Oladokun,KAN,QB,28,3,2,35,55,235,1,0,5,18,3.60,0,0,0,0,,0,4,2,0,,,11,11.2,13.2,11.2,,57,,OladCh00
435,Dylan Drummond,ATL,WR,25,9,0,0,0,0,0,0,0,0,,0,11,7,42,6.00,0,0,0,0,,,4,11.2,11.2,7.7,,184,,DrumDy00
436,Josiah Deguara,ARI,TE,28,12,2,0,0,0,0,0,0,0,,0,5,3,21,7.00,1,0,0,1,,,8,11.1,11.1,9.6,,86,,DeguJo00
437,Kylen Granson,PHI,TE,27,17,3,0,0,0,0,0,0,0,,0,9,7,40,5.71,0,0,0,0,,,4,11.0,11.0,7.5,,94,,GranKy00
438,Kene Nwangwu,NYJ,RB,27,12,1,0,0,0,0,0,13,49,3.77,0,1,0,0,,0,0,0,1,,,11,10.9,10.9,10.9,,97,,NwanKe00
439,Phil Mafah,DAL,RB,23,1,0,0,0,0,0,0,5,18,3.60,1,2,2,11,5.50,0,0,0,1,,,9,10.9,10.9,9.9,,102,,MafaPh00
440,Joe Milton,DAL,QB,25,4,0,15,24,183,1,2,5,50,10.00,0,0,0,0,,0,1,1,0,,,10,10.3,13.3,12.3,,58,,MiltJo00
441,Ronnie Bell,NOR,WR,25,2,0,0,0,0,0,0,0,0,,0,4,2,23,11.50,1,0,0,1,,,8,10.3,10.3,9.3,,170,,BellRo01
442,Robbie Chosen,WAS,WR,32,3,0,0,0,0,0,0,0,0,,0,9,5,53,10.60,0,0,0,0,,,5,10.3,10.3,7.8,,179,,AndeRo04
443,Hassan Haskins,LAC,RB,26,12,0,0,0,0,0,0,17,47,2.76,0,4,4,13,3.25,0,0,0,0,,,6,10.0,10.0,8.0,,113,,HaskHa00
444,Brittain Brown,CHI,RB,28,3,0,0,0,0,0,0,5,37,7.40,1,1,0,0,,0,0,0,1,,,10,9.7,9.7,9.7,,98,,BrowBr06
445,Braxton Berrios,HOU,WR,30,4,0,0,0,0,0,0,0,0,,0,8,6,37,6.17,0,0,0,0,,,4,9.7,9.7,6.7,,187,,BerrBr00
446,DJ Giddens,IND,RB,22,9,0,0,0,0,0,0,26,96,3.69,0,2,0,0,,0,0,0,0,,,10,9.6,9.6,9.6,,100,,GiddDJ00
447,Zamir White,LVR,RB,26,6,0,0,0,0,0,0,12,32,2.67,0,6,4,24,6.00,0,0,0,0,,,6,9.6,9.6,7.6,,116,,WhitZa01
448,Lil'Jordan Humphrey,NYG,WR,27,3,2,0,0,0,0,0,0,0,,0,10,4,55,13.75,0,0,0,0,,,16,9.5,9.5,7.5,,139,,HumpLi01
449,Andy Dalton,CAR,QB,38,4,1,25,37,293,1,1,5,-2,-0.40,0,0,0,0,,0,2,2,0,,,10,9.5,12.5,10.5,,59,,DaltAn00
450,Cedrick Wilson Jr.,MIA,WR,30,10,5,0,0,0,0,0,0,0,,0,9,5,44,8.80,0,0,0,0,,,4,9.4,9.4,6.9,,183,,WilsCe01
451,Corey Kiner,ARI,RB,23,4,0,0,0,0,0,0,12,58,4.83,0,3,2,15,7.50,0,0,0,0,,,7,9.3,9.3,8.3,,109,,KineCo00
452,AJ Dillon,PHI,RB,27,7,0,0,0,0,0,0,12,60,5.00,0,3,3,21,7.00,0,1,1,0,,,6,9.1,10.1,7.6,,112,,DillAJ00
453,Eric Saubert,SEA,TE,31,11,5,0,0,0,0,0,0,0,,0,7,4,31,7.75,0,0,0,0,1,,5,9.1,9.1,7.1,,92,,SaubEr00
454,Kaleb Johnson,PIT,RB,22,10,0,0,0,0,0,0,28,69,2.46,0,2,1,9,9.00,0,1,0,0,,,8,8.8,8.8,8.3,,108,,JohnKa03
455,Ty Chandler,MIN,RB,27,3,0,0,0,0,0,0,17,47,2.76,0,4,3,11,3.67,0,0,0,0,,,6,8.8,8.8,7.3,,114,,ChanTy01
456,Albert Okwuegbunam,LVR,TE,27,1,0,0,0,0,0,0,0,0,,0,6,5,36,7.20,0,0,0,0,,,4,8.6,8.6,6.1,,95,,OkwuAl00
457,Jalin Hyatt,NYG,WR,24,8,0,0,0,0,0,0,0,0,,0,14,5,35,7.00,0,0,0,0,,,4,8.5,8.5,6.0,,189,,HyatJa00
458,D'Wayne Eskridge,MIA,WR,28,13,0,0,0,0,0,0,0,0,,0,7,4,62,15.50,0,1,1,0,,,4,8.2,9.2,6.2,,185,,EskrDW00
459,Marquez Valdes-Scantling,SFO,WR,31,5,0,0,0,0,0,0,0,0,,0,8,4,40,10.00,0,0,0,0,,,14,8.0,8.0,6.0,,146,,ValdMa00
460,British Brooks,HOU,RB,26,15,2,0,0,0,0,0,17,78,4.59,0,0,0,0,,0,0,0,0,,,8,7.8,7.8,7.8,,107,,BrooBr01
461,Kenny Pickett,LVR,QB,27,6,2,28,45,188,1,2,5,22,4.40,0,0,0,0,,0,1,1,0,,,8,7.7,10.7,9.7,,60,,PickKe00
462,Devin Culp,TAM,TE,25,13,0,0,0,0,0,0,0,0,,0,1,1,6,6.00,1,0,0,1,,,7,7.6,7.6,7.1,,88,,CulpDe00
463,Austin Trammell,JAX,WR,27,6,0,0,0,0,0,0,0,0,,0,10,3,46,15.33,0,0,0,0,,,5,7.6,7.6,6.1,,182,,TramAu00
464,Tom Kennedy,DET,WR,29,6,0,0,0,0,0,0,0,0,,0,4,4,36,9.00,0,0,0,0,,,4,7.6,7.6,5.6,,188,,KennTo01
465,Keleki Latu,BUF,TE,23,5,0,0,0,0,0,0,0,0,,0,4,4,35,8.75,0,0,0,0,,,4,7.5,7.5,5.5,,96,,LatuKe00
466,Cam Akers,MIN,RB,26,3,0,1,1,32,1,0,5,19,3.80,0,1,0,0,,0,0,0,0,,,7,7.2,7.2,7.2,,110,,AkerCa00
467,Xavier Restrepo,TEN,WR,23,2,0,0,0,0,0,0,0,0,,0,7,3,41,13.67,0,0,0,0,,,4,7.1,7.1,5.6,,186,,RestXa00
468,Mason Kinsey,TEN,WR,27,10,0,0,0,0,0,0,0,0,,0,4,2,48,24.00,0,0,0,0,,,5,6.8,6.8,5.8,,180,,KinsMa00
469,Dareke Young,SEA,WR,26,9,0,0,0,0,0,0,0,0,,0,3,2,48,24.00,0,0,0,0,,,5,6.8,6.8,5.8,,181,,YounDa02
470,Khalil Herbert,NYJ,RB,27,7,0,0,0,0,0,0,16,52,3.25,0,4,1,4,4.00,0,0,0,0,,,6,6.6,6.6,6.1,,115,,HerbKh00
471,Durham Smythe,CHI,TE,30,17,2,0,0,0,0,0,0,0,,0,6,4,25,6.25,0,0,0,0,,,3,6.5,6.5,4.5,,98,,SmytDu00
472,Tahj Brooks,CIN,RB,23,16,0,0,0,0,0,0,16,45,2.81,0,2,1,9,9.00,0,0,0,0,,,5,6.4,6.4,5.9,,117,,BrooTa00
473,Evan Hull,NOR,RB,25,6,0,0,0,0,0,0,19,48,2.53,0,1,1,6,6.00,0,0,0,0,,,5,6.4,6.4,5.9,,118,,HullEv00
474,Deven Thompkins,ATL,WR,26,7,0,0,0,0,0,0,1,5,5.00,0,3,3,27,9.00,0,0,0,0,,,3,6.2,6.2,4.7,,190,,ThomDe07
475,KhaDarel Hodge,ATL,WR,30,12,1,0,0,0,0,0,0,0,,0,10,3,31,10.33,0,0,0,0,,,3,6.1,6.1,4.6,,192,,HodgKh00
476,Jalen Brooks,ARI,WR,25,5,0,0,0,0,0,0,0,0,,0,6,3,51,17.00,0,1,1,0,,,3,6.1,7.1,4.6,,193,,BrooJa03
477,Charlie Jones,CIN,WR,27,14,0,0,0,0,0,0,0,0,,0,1,0,0,,0,0,0,1,,,6,6.0,6.0,6.0,,177,,JoneCh11
478,Justin Watson,HOU,WR,29,3,0,0,0,0,0,0,0,0,,0,4,3,30,10.00,0,0,0,0,,,3,6.0,6.0,4.5,,194,,WatsJu01
479,Ben Sims,MIN,TE,25,8,2,0,0,0,0,0,0,0,,0,6,3,30,10.00,0,0,0,0,,,,6.0,6.0,4.5,,132,,SimsBe00
480,John Metchie,PHI,WR,25,7,0,0,0,0,0,0,0,0,,0,4,4,18,4.50,0,0,0,0,,,37,5.8,5.8,3.8,,98,,MetcJo00
481,James Mitchell,CAR,TE,26,5,0,0,0,0,0,0,0,0,,0,3,3,28,9.33,0,0,0,0,,,3,5.8,5.8,4.3,,97,,MitcJa00
482,Tai Felton,MIN,WR,22,17,0,0,0,0,0,0,0,0,,0,3,3,25,8.33,0,0,0,0,,,3,5.5,5.5,4.0,,198,,FeltTa00
483,Tyler Goodson,IND,RB,25,11,0,0,0,0,0,0,9,24,2.67,0,3,2,8,4.00,0,0,0,0,,,3,5.2,5.2,4.2,,122,,GoodTy00
484,Trent Sherfield,DEN,WR,29,10,3,0,0,0,0,0,0,0,,0,4,3,21,7.00,0,0,0,0,,,,5.1,5.1,3.6,,229,,SherTr00
485,Shane Zylstra,DET,TE,29,6,3,0,0,0,0,0,0,0,,0,5,3,20,6.67,0,0,0,0,,,2,5.0,5.0,3.5,,101,,ZylsSh00
486,Aidan O'Connell,LVR,QB,27,1,0,10,22,102,0,0,1,7,7.00,0,0,0,0,,0,0,0,0,,,5,4.8,4.8,4.8,,61,,OConAi00
487,Reggie Gilliam,BUF,FB,28,17,2,0,0,0,0,0,2,4,2.00,0,2,2,24,12.00,0,0,0,0,,,3,4.8,4.8,3.8,,123,,GillRe00
488,Tip Reiman,ARI,TE,24,4,3,0,0,0,0,0,0,0,,0,5,3,18,6.00,0,0,0,0,,,2,4.8,4.8,3.3,,103,,ReimTi00
489,Tahj Washington,MIA,WR,24,6,1,0,0,0,0,0,0,0,,0,5,3,37,12.33,0,1,1,0,,,2,4.7,5.7,3.2,,206,,WashTa00
490,Ronnie Rivers,LAR,RB,26,11,0,0,0,0,0,0,9,46,5.11,0,0,0,0,,0,0,0,0,,,5,4.6,4.6,4.6,,119,,RiveRo01
491,Devin Duvernay,CHI,WR,28,17,0,0,0,0,0,0,0,0,,0,5,2,26,13.00,0,0,0,0,,,3,4.6,4.6,3.6,,195,,DuveDe00
492,Jordan Watkins,SFO,WR,23,4,0,0,0,0,0,0,0,0,,0,3,2,26,13.00,0,0,0,0,,,3,4.6,4.6,3.6,,196,,WatkJo00
493,Brenden Bates,CLE,TE,26,6,3,0,0,0,0,0,0,0,,0,3,2,25,12.50,0,0,0,0,,,3,4.5,4.5,3.5,,99,,BateBr00
494,Beaux Collins,NYG,WR,23,9,0,0,0,0,0,0,0,0,,0,6,2,25,12.50,0,0,0,0,,,3,4.5,4.5,3.5,,199,,CollBe00
495,Brenden Bates,HOU,TE,26,3,0,0,0,0,0,0,0,0,,0,2,2,23,11.50,0,0,0,0,,,3,4.3,4.3,3.3,,99,,BateBr00
496,Tay Martin,WAS,WR,28,3,0,0,0,0,0,0,0,0,,0,2,2,23,11.50,0,0,0,0,,,2,4.3,4.3,3.3,,201,,MartTa00
497,Max Brosmer,MIN,QB,24,7,2,47,71,328,0,4,7,11,1.57,0,0,0,0,,0,2,1,0,,,4,4.2,12.2,8.2,,62,,BrosMa00
498,Nikko Remigio,KAN,WR,26,14,0,0,0,0,0,0,1,11,11.00,0,1,1,21,21.00,0,2,0,0,,,3,4.2,4.2,3.7,,191,,RemiNi00
499,Clyde Edwards-Helaire,KAN,RB,26,2,0,0,0,0,0,0,7,13,1.86,0,2,2,9,4.50,0,0,0,0,,,2,4.2,4.2,3.2,,125,,EdwaCl00
500,Nathan Carter,ATL,RB,23,7,0,0,0,0,0,0,9,60,6.67,0,0,0,0,,0,1,1,0,,,4,4.0,5.0,4.0,,120,,CartNa00
501,Julius Chestnut,TEN,RB,25,17,0,0,0,0,0,0,11,40,3.64,0,2,0,0,,0,0,0,0,,,4,4.0,4.0,4.0,,121,,ChesJu00
502,Jared Wayne,HOU,WR,25,1,1,0,0,0,0,0,0,0,,0,2,2,20,10.00,0,0,0,0,,,2,4.0,4.0,3.0,,202,,WaynJa01
503,Britain Covey,PHI,WR,28,6,0,0,0,0,0,0,0,0,,0,4,2,20,10.00,0,2,0,0,,,2,4.0,4.0,3.0,,203,,CoveBr00
504,Jake Bobo,SEA,WR,27,11,0,0,0,0,0,0,0,0,,0,2,2,20,10.00,0,0,0,0,,,2,4.0,4.0,3.0,,204,,BoboJa00
505,Shane Buechele,KAN,QB,27,1,0,7,14,88,0,0,1,4,4.00,0,0,0,0,,0,0,0,0,,,4,3.9,3.9,3.9,,63,,BuecSh00
506,Tucker Fisk,LAC,TE,26,10,7,0,0,0,0,0,0,0,,0,4,2,19,9.50,0,0,0,0,,,2,3.9,3.9,2.9,,102,,FiskTu00
507,Colson Yankoff,WAS,TE,25,14,0,0,0,0,0,0,0,0,,0,3,2,18,9.00,0,0,0,0,,,2,3.8,3.8,2.8,,104,,YankCo00
508,Dylan Laube,LVR,RB,26,17,0,0,0,0,0,0,7,9,1.29,0,4,3,18,6.00,0,1,1,0,,,1,3.7,4.7,2.2,,134,,LaubDy00
509,Jonathan Mingo,DAL,WR,24,6,0,0,0,0,0,0,0,0,,0,5,1,25,25.00,0,0,0,0,,,3,3.5,3.5,3.0,,197,,MingJo00
510,Jacoby Jones,WAS,WR,24,1,0,0,0,0,0,0,0,0,,0,1,1,25,25.00,0,0,0,0,,,3,3.5,3.5,3.0,,200,,JoneJa16
511,Lucas Krull,DEN,TE,27,3,3,0,0,0,0,0,0,0,,0,4,2,15,7.50,0,0,0,0,,,2,3.5,3.5,2.5,,106,,KrulLu00
512,Jakobie Keeney-James,GNB,WR,25,1,1,0,0,0,0,0,0,0,,0,2,2,15,7.50,0,0,0,0,,,2,3.5,3.5,2.5,,208,,KeenJa00
513,Jelani Woods,NYJ,TE,27,4,1,0,0,0,0,0,0,0,,0,3,1,4,4.00,0,0,0,0,1,,2,3.4,3.4,2.9,,100,,WoodJe01
514,Ben Yurosek,MIN,TE,23,12,1,0,0,0,0,0,0,0,,0,3,2,14,7.00,0,0,0,0,,,1,3.4,3.4,2.4,,107,,YuroBe00
515,Alex Bachman,LVR,WR,29,13,0,0,0,0,0,0,0,0,,0,3,2,12,6.00,0,1,0,0,,,1,3.2,3.2,2.2,,210,,BachAl00
516,Velus Jones Jr.,SEA,RB,28,3,0,0,0,0,0,0,4,32,8.00,0,0,0,0,,0,0,0,0,,,,3.2,3.2,3.2,,150,,JoneVe00
517,Sal Cannella,CLE,TE,29,2,0,0,0,0,0,0,0,0,,0,5,2,11,5.50,0,0,0,0,,,1,3.1,3.1,2.1,,109,,CannSa00
518,Moliki Matavao,NOR,TE,22,6,2,0,0,0,0,0,0,0,,0,2,2,10,5.00,0,0,0,0,,,1,3.0,3.0,2.0,,111,,MataMo00
519,Teddy Bridgewater,TAM,QB,33,4,0,8,15,62,0,0,3,4,1.33,0,0,0,0,,0,0,0,0,,,3,2.9,2.9,2.9,,64,,BridTe00
520,Andre Baccellia,ARI,WR,28,5,2,0,0,0,0,0,0,0,,0,4,2,8,4.00,0,0,0,0,,,1,2.8,2.8,1.8,,212,,BaccAn00
521,David Moore,CAR,WR,30,4,2,0,0,0,0,0,1,12,12.00,0,1,1,5,5.00,0,0,0,0,,,2,2.7,2.7,2.2,,205,,MoorDa03
522,Cam Grandy,CIN,TE,25,5,1,0,0,0,0,0,0,0,,0,2,2,7,3.50,0,1,0,0,,,1,2.7,2.7,1.7,,112,,GranCa00
523,Ross Dwelley,DET,TE,30,11,1,0,0,0,0,0,0,0,,0,5,2,7,3.50,0,0,0,0,,,1,2.7,2.7,1.7,,113,,DwelRo00
524,Harrison Bryant,HOU,TE,27,12,4,0,0,0,0,0,0,0,,0,6,2,7,3.50,0,0,0,0,,,1,2.7,2.7,1.7,,114,,BryaHa00
525,Tyson Bagent,CHI,QB,25,3,0,3,4,47,0,0,2,7,3.50,0,0,0,0,,0,1,0,0,,,3,2.6,2.6,2.6,,65,,BageTy00
526,Dameon Pierce,HOU,RB,25,4,0,0,0,0,0,0,10,26,2.60,0,1,0,0,,0,0,0,0,,,3,2.6,2.6,2.6,,124,,PierDa01
527,Will Mallory,IND,TE,26,2,0,0,0,0,0,0,0,0,,0,1,1,16,16.00,0,0,0,0,,,2,2.6,2.6,2.1,,105,,MallWi00
528,Anthony Gould,IND,WR,24,11,1,0,0,0,0,0,0,0,,0,2,2,6,3.00,0,0,0,0,,,1,2.6,2.6,1.6,,214,,GoulAn00
529,Ke'Shawn Williams,CIN,WR,24,3,0,0,0,0,0,0,2,10,5.00,0,1,1,5,5.00,0,0,0,0,,,2,2.5,2.5,2.0,,207,,WillKe08
530,Tim Jones,JAX,WR,27,2,0,0,0,0,0,0,0,0,,0,1,1,15,15.00,0,0,0,0,,,2,2.5,2.5,2.0,,209,,JoneTi00
531,D'Ernest Johnson,NWE,RB,29,7,0,0,0,0,0,0,13,25,1.92,0,0,0,0,,0,0,0,0,,,,2.5,2.5,2.5,,145,,JohnDE04
532,Zaire Mitchell-Paden,NOR,TE,26,2,0,0,0,0,0,0,0,0,,0,1,1,14,14.00,0,0,0,0,,,1,2.4,2.4,1.9,,108,,MitcZa00
533,Blake Whiteheart,CLE,TE,25,17,4,0,0,0,0,0,0,0,,0,6,2,4,2.00,0,1,0,0,,,,2.4,2.4,1.4,,117,,WhitBl01
534,Jalen Royals,KAN,WR,22,7,2,0,0,0,0,0,0,0,,0,3,2,4,2.00,0,0,0,0,,,,2.4,2.4,1.4,,215,,RoyaJa00
535,Anthony Richardson,IND,QB,23,2,0,1,2,9,0,0,4,-1,-0.25,0,1,1,9,9.00,0,0,0,0,,,1,2.2,2.2,1.7,,70,,RichAn03
536,Joshua Dobbs,NWE,QB,30,4,0,7,10,65,0,0,10,-5,-0.50,0,0,0,0,,0,0,0,0,,,2,2.1,2.1,2.1,,66,,DobbJo00
537,Patrick Ricard*,BAL,FB,31,11,5,0,0,0,0,0,1,3,3.00,0,2,1,8,8.00,0,0,0,0,,,1,2.1,2.1,1.6,,130,,RicaPa00
538,Payne Durham,TAM,TE,25,17,10,0,0,0,0,0,0,0,,0,4,1,11,11.00,0,0,0,0,,,1,2.1,2.1,1.6,,110,,DurhPa00
539,Pharaoh Brown,ARI,TE,31,7,2,0,0,0,0,0,0,0,,0,2,2,1,0.50,0,0,0,0,,,,2.1,2.1,1.1,,121,,BrowPh01
540,DeeJay Dallas,JAX,RB,27,3,0,0,0,0,0,0,2,21,10.50,0,1,0,0,,0,0,0,0,,,,2.1,2.1,2.1,,141,,DallDe00
541,Clayton Tune,GNB,QB,26,2,1,7,15,42,0,1,5,23,4.60,0,0,0,0,,0,1,0,0,,,2,2.0,3.0,3.0,,67,,TuneCl00
542,Jacardia Wright,SEA,RB,25,1,0,0,0,0,0,0,5,20,4.00,0,0,0,0,,0,0,0,0,,,2,2.0,2.0,2.0,,126,,WrigJa05
543,Quentin Skinner,NYJ,WR,24,1,0,0,0,0,0,0,0,0,,0,1,1,10,10.00,0,0,0,0,,,1,2.0,2.0,1.5,,211,,SkinQu00
544,Bryce Oliver,TEN,WR,25,3,0,0,0,0,0,0,0,0,,0,1,1,8,8.00,0,0,0,0,,,1,1.8,1.8,1.3,,213,,OlivBr02
545,Roschon Johnson,CHI,RB,24,7,0,0,0,0,0,0,2,17,8.50,0,0,0,0,,0,0,0,0,,,2,1.7,1.7,1.7,,127,,JohnRo07
546,Cooper Rush,BAL,QB,32,4,2,34,52,303,0,4,4,-4,-1.00,0,0,0,0,,0,1,1,0,,,2,1.7,9.7,5.7,,68,,RushCo00
547,Chris Manhertz,NYG,TE,33,17,3,0,0,0,0,0,0,0,,0,2,1,7,7.00,0,0,0,0,,,1,1.7,1.7,1.2,,115,,ManhCh00
548,Ray-Ray McCloud,NYG,WR,29,2,1,0,0,0,0,0,0,0,,0,1,1,5,5.00,0,0,0,0,,,6,1.5,1.5,1.0,,175,,McClRa00
549,Derius Davis,LAC,WR,25,11,0,0,0,0,0,0,2,5,2.50,0,3,2,10,5.00,0,1,1,0,,,-1,1.5,2.5,0.5,,249,,DaviDe02
550,Zach Wilson,MIA,QB,26,4,0,6,11,32,0,0,3,1,0.33,0,0,0,0,,0,0,0,0,,,1,1.4,1.4,1.4,,69,,WilsZa00
551,Jared Wiley,KAN,TE,25,5,0,0,0,0,0,0,0,0,,0,1,1,4,4.00,0,0,0,0,,,,1.4,1.4,0.9,,118,,WileJa00
552,Zaire Mitchell-Paden,BAL,TE,26,6,1,0,0,0,0,0,0,0,,0,2,1,3,3.00,0,0,0,0,,,1,1.3,1.3,0.8,,108,,MitcZa00
553,Drake Dabney,GNB,TE,23,2,1,0,0,0,0,0,0,0,,0,2,1,3,3.00,0,0,0,0,,,,1.3,1.3,0.8,,119,,DabnDr00
554,Samori Toure,NOR,WR,27,1,0,0,0,0,0,0,0,0,,0,3,1,3,3.00,0,0,0,0,,,,1.3,1.3,0.8,,216,,TourSa00
555,Carter Runyon,LVR,TE,24,13,0,0,0,0,0,0,0,0,,0,1,1,3,3.00,0,0,0,0,,,,1.3,1.3,0.8,,120,,RunyCa00
556,Tank Bigsby,JAX,RB,24,1,0,0,0,0,0,0,5,12,2.40,0,0,0,0,,0,0,0,0,,,1,1.2,1.2,1.2,,128,,BigsTa00
557,Jacob Saylors,DET,RB,24,16,0,0,0,0,0,0,2,11,5.50,0,0,0,0,,0,0,0,0,,,1,1.1,1.1,1.1,,129,,SaylJa00
558,Josh Williams,TAM,RB,25,3,0,0,0,0,0,0,4,11,2.75,0,0,0,0,,0,0,0,0,,,1,1.1,1.1,1.1,,131,,WillJo011
559,Robert Tonyan,KAN,TE,31,17,0,0,0,0,0,0,0,0,,0,1,1,1,1.00,0,0,0,0,,,,1.1,1.1,0.6,,122,,TonyRo00
560,Dameon Pierce,KAN,RB,25,1,0,0,0,0,0,0,4,10,2.50,0,0,0,0,,0,0,0,0,,,3,1.0,1.0,1.0,,124,,PierDa01
561,Jack Westover,NWE,FB,26,17,2,0,0,0,0,0,0,0,,0,2,1,0,0.00,0,0,0,0,,,,1.0,1.0,0.5,,151,,WestJa01
562,Trayveon Williams,LAC,RB,28,3,0,0,0,0,0,0,3,-1,-0.33,0,1,1,0,0.00,0,0,0,0,,,9,0.9,0.9,0.4,,101,,WillTr06
563,Brandon Allen,TEN,QB,33,1,0,17,30,72,0,1,0,0,,0,0,0,0,,0,0,0,0,,,1,0.9,1.9,1.9,,71,,AlleBr00
564,Amar Johnson,LAC,RB,22,2,0,0,0,0,0,0,2,8,4.00,0,1,0,0,,0,0,0,0,,,1,0.8,0.8,0.8,,132,,JohnAm00
565,Kalel Mullings,TEN,RB,23,9,0,0,0,0,0,0,3,7,2.33,0,0,0,0,,0,0,0,0,,,1,0.7,0.7,0.7,,133,,MullKa00
566,Myles Gaskin,SEA,RB,28,1,0,0,0,0,0,0,3,6,2.00,0,0,0,0,,0,0,0,0,,,1,0.6,0.6,0.6,,135,,GaskMy00
567,Owen Wright,TAM,RB,26,3,0,0,0,0,0,0,3,6,2.00,0,0,0,0,,0,0,0,0,,,1,0.6,0.6,0.6,,136,,WrigOw00
568,Xavier Gipson,PHI,WR,24,5,0,0,0,0,0,0,0,0,,0,2,2,6,3.00,0,2,1,0,,,,0.6,1.6,-0.4,,239,,GipsXa00
569,Feleipe Franks,ATL,TE,28,17,0,0,0,0,0,0,2,4,2.00,0,0,0,0,,0,0,0,0,,,,0.4,0.4,0.4,,116,,FranFe00
570,Craig Reynolds,DET,RB,29,7,0,0,0,0,0,0,3,4,1.33,0,0,0,0,,0,0,0,0,,,,0.4,0.4,0.4,,137,,ReynCr00
571,Sione Vaki,DET,RB,24,11,0,0,0,0,0,0,1,4,4.00,0,0,0,0,,0,0,0,0,,,,0.4,0.4,0.4,,138,,VakiSi00
572,Kendall Milton,CIN,RB,23,1,0,0,0,0,0,0,2,2,1.00,0,0,0,0,,0,0,0,0,,,,0.2,0.2,0.2,,139,,MiltKe01
573,Malik Cunningham,DET,WR,27,1,0,0,0,0,0,0,1,1,1.00,0,0,0,0,,0,0,0,0,,,,0.1,0.1,0.1,,217,,CunnMa00
574,Drew Lock,SEA,QB,29,5,0,2,3,15,0,0,6,-5,-0.83,0,0,0,0,,0,2,0,0,,,,0.1,0.1,0.1,,72,,LockDr00
575,Kedon Slovis,ARI,QB,24,2,0,1,2,-2,0,0,0,0,,0,0,0,0,,0,0,0,0,,,,-0.1,-0.1,-0.1,,75,,SlovKe00
576,Jarrett Stidham,DEN,QB,29,1,0,0,0,0,0,0,1,-1,-1.00,0,0,0,0,,0,0,0,0,,,,-0.1,-0.1,-0.1,,77,,StidJa00
577,Adrian Martinez,SFO,QB,25,1,0,0,0,0,0,0,1,-1,-1.00,0,0,0,0,,0,0,0,0,,,,-0.1,-0.1,-0.1,,76,,MartAd00
578,Travis Homer,CHI,RB,27,10,0,0,0,0,0,0,1,-2,-2.00,0,0,0,0,,0,0,0,0,,,,-0.2,-0.2,-0.2,,162,,HomeTr00
579,Nyheim Hines,LAC,RB,29,3,0,0,0,0,0,0,2,-2,-1.00,0,0,0,0,,0,0,0,0,,,,-0.2,-0.2,-0.2,,149,,HineNy00
580,Kyle Allen,DET,QB,29,3,0,0,2,0,0,0,3,-3,-1.00,0,0,0,0,,0,0,0,0,,,,-0.3,-0.3,-0.3,,78,,AlleKy00
581,Gardner Minshew II,KAN,QB,29,4,1,6,13,37,0,1,6,2,0.33,0,0,0,0,,0,0,0,0,,,,-0.3,0.7,0.7,,79,,MinsGa00
582,Jimmy Garoppolo,LAR,QB,34,3,0,0,0,0,0,0,9,-10,-1.11,0,0,0,0,,0,0,0,0,,,-1,-1.0,-1.0,-1.0,,80,,GaroJi00
583,Jalen Milroe,SEA,QB,23,3,0,0,0,0,0,0,3,4,1.33,0,0,0,0,,0,1,1,0,,,-2,-1.6,-0.6,-1.6,,81,,MilrJa00
584,Ke'Shawn Williams,PIT,WR,24,8,0,0,0,0,0,0,0,0,,0,0,0,0,,0,2,1,0,,,2,-2.0,-1.0,-2.0,,207,,WillKe08
585,Xavier Gipson,NYJ,WR,24,1,0,0,0,0,0,0,0,0,,0,0,0,0,,0,1,1,0,,,,-2.0,-1.0,-2.0,,239,,GipsXa00
586,Jamal Agnew,ATL,WR,30,11,0,0,0,0,0,0,0,0,,0,0,0,0,,0,3,1,0,,,-2,-2.0,-1.0,-2.0,,250,,AgneJa00
587,Mecole Hardman,BUF,WR,27,2,0,0,0,0,0,0,0,0,,0,1,0,0,,0,1,1,0,,,-2,-2.0,-1.0,-2.0,,251,,HardMe00
588,LaJohntay Wester,BAL,WR,23,17,0,0,0,0,0,0,0,0,,0,0,0,0,,0,2,1,0,,,-2,-2.0,-1.0,-2.0,,252,,WestLa01
589,Myles Price,MIN,WR,24,16,0,0,0,0,0,0,0,0,,0,0,0,0,,0,4,3,0,,,-6,-6.0,-3.0,-6.0,,253,,PricMy00
590,Cam Akers,SEA,RB,26,3,0,0,0,0,0,0,0,0,,0,0,0,0,,0,0,0,0,,,7,,,,,110,,AkerCa00
591,Jalen Brooks,DAL,WR,25,1,0,0,0,0,0,0,0,0,,0,0,0,0,,0,0,0,0,,,3,,,,,193,,BrooJa03
592,Tim Jones,MIN,WR,27,2,0,0,0,0,0,0,0,0,,0,0,0,0,,0,0,0,0,,,2,,,,,209,,JoneTi00
593,Chris Blair,ATL,WR,28,3,0,0,0,0,0,0,0,0,,0,0,0,0,,0,0,0,0,,,,,,,,218,,BlaiCh00
594,Teagan Quitoriano,ATL,TE,25,17,1,0,0,0,0,0,0,0,,0,0,0,0,,0,0,0,0,,,,,,,,123,,QuitTe00
595,Carlos Washington,ATL,RB,27,1,0,0,0,0,0,0,0,0,,0,0,0,0,,0,0,0,0,,,,,,,,140,,WashCa00
596,Dalevon Campbell,CAR,WR,24,2,0,0,0,0,0,0,0,0,,0,0,0,0,,0,0,0,0,,,,,,,,219,,CampDa01
597,Dan Chisena,CAR,WR,28,1,0,0,0,0,0,0,0,0,,0,0,0,0,,0,0,0,0,,,,,,,,220,,ChisDa00
598,DeeJay Dallas,CAR,RB,27,3,0,0,0,0,0,0,1,0,0.00,0,0,0,0,,0,0,0,0,,,,,,,,141,,DallDe00
599,Maurice Alexander,CHI,WR,28,1,0,0,0,0,0,0,0,0,,0,0,0,0,,0,0,0,0,,,,,,,,221,,AlexMa02
600,Stephen Carlson,CHI,TE,29,2,0,0,0,0,0,0,0,0,,0,0,0,0,,0,0,0,0,,,,,,,,124,,CarlSt00
601,Nikola Kalinic,CHI,TE,28,2,0,0,0,0,0,0,0,0,,0,0,0,0,,0,0,0,0,,,,,,,,125,,KaliNi00
602,JP Richardson,CHI,WR,23,1,0,0,0,0,0,0,0,0,,0,0,0,0,,0,0,0,0,,,,,,,,222,,RichJP00
603,Gary Brightwell,CIN,RB,26,2,0,0,0,0,0,0,0,0,,0,0,0,0,,0,0,0,0,,,,,,,,142,,BrigGa00
604,Brett Rypien,CIN,QB,29,1,0,0,0,0,0,0,0,0,,0,0,0,0,,0,0,0,0,,,,,,,,73,,RypiBr00
605,DeAndre Carter,CLE,WR,32,4,0,0,0,0,0,0,0,0,,0,0,0,0,,0,1,0,0,,,,,,,,223,,CartDe02
606,Kaden Davis,CLE,WR,27,2,0,0,0,0,0,0,0,0,,0,0,0,0,,0,0,0,0,,,,,,,,224,,DaviKa02
607,Ulysses Bentley,IND,RB,25,1,0,0,0,0,0,0,1,0,0.00,0,0,0,0,,0,0,0,0,,,,,,,,143,,BentUl00
608,Sean McKeon,IND,TE,28,1,0,0,0,0,0,0,0,0,,0,0,0,0,,0,0,0,0,,,,,,,,126,,McKeSe01
609,Coleman Owen,IND,WR,24,2,0,0,0,0,0,0,0,0,,0,1,0,0,,0,0,0,0,,,,,,,,225,,OwenCo00
610,Laquon Treadwell,IND,WR,30,10,0,0,0,0,0,0,0,0,,0,0,0,0,,0,0,0,0,,,,,,,,226,,TreaLa00
611,Simi Fehoko,ARI,WR,28,8,0,0,0,0,0,0,0,0,,0,0,0,0,,0,0,0,0,,,,,,,,227,,FehoSi00
612,Jermar Jefferson,ARI,RB,25,2,0,0,0,0,0,0,0,0,,0,0,0,0,,0,0,0,0,,,,,,,,144,,JeffJe00
613,D'Ernest Johnson,ARI,RB,29,1,0,0,0,0,0,0,1,0,0.00,0,0,0,0,,0,0,0,0,,,,,,,,145,,JohnDE04
614,Tejhaun Palmer,ARI,WR,25,1,0,0,0,0,0,0,0,0,,0,0,0,0,,0,0,0,0,,,,,,,,228,,PalmTe00
615,Trent Sherfield,ARI,WR,29,2,0,0,0,0,0,0,0,0,,0,1,0,0,,0,0,0,0,,,,,,,,229,,SherTr00
616,Steven Sims,ARI,WR,28,3,0,0,0,0,0,0,0,0,,0,1,0,0,,0,0,0,0,,,,,,,,230,,SimsSt00
617,Travis Vokolek,ARI,TE,27,5,1,0,0,0,0,0,0,0,,0,0,0,0,,0,0,0,0,,,,,,,,127,,VokoTr00
618,Parris Campbell,DAL,WR,28,1,0,0,0,0,0,0,0,0,,0,0,0,0,,0,0,0,0,,,,,,,,231,,CampPa00
619,Princeton Fant,DAL,TE,26,1,0,0,0,0,0,0,0,0,,0,0,0,0,,0,0,0,0,,,,,,,,128,,FantPr00
620,Jalen Moreno-Cropper,DAL,WR,24,3,0,0,0,0,0,0,0,0,,0,0,0,0,,0,1,0,0,,,,,,,,232,,MoreJa01
621,Marcedes Lewis,DEN,TE,41,5,1,0,0,0,0,0,0,0,,0,0,0,0,,0,0,0,0,,,,,,,,129,,LewiMa00
622,Zach Horton,DET,TE,23,2,0,0,0,0,0,0,0,0,,0,0,0,0,,0,0,0,0,,,,,,,,130,,HortZa00
623,Dominic Lovett,DET,WR,23,12,0,0,0,0,0,0,0,0,,0,0,0,0,,0,0,0,0,,,,,,,,233,,LoveDo00
624,Jackson Meeks,DET,WR,22,2,0,0,0,0,0,0,0,0,,0,0,0,0,,0,0,0,0,,,,,,,,234,,MeekJa00
625,Giovanni Ricci,DET,TE,29,3,1,0,0,0,0,0,0,0,,0,1,0,0,,0,0,0,0,,,,,,,,131,,RiccGi00
626,Ben Sims,GNB,TE,25,3,0,0,0,0,0,0,0,0,,0,0,0,0,,0,0,0,0,,,,,,,,132,,SimsBe00
627,Jakob Johnson,HOU,FB,31,7,2,0,0,0,0,0,0,0,,0,0,0,0,,0,0,0,0,,,,,,,,146,,JohnJa12
628,Nick Mullens,JAX,QB,30,5,0,3,3,19,0,0,12,-8,-0.67,0,0,0,0,,0,0,0,0,,,,,,,,74,,MullNi00
629,Jason Brownlee,KAN,WR,26,6,0,0,0,0,0,0,0,0,,0,1,0,0,,0,0,0,0,,,,,,,,235,,BrowJa07
630,Jimmy Holiday,KAN,WR,24,1,0,0,0,0,0,0,0,0,,0,0,0,0,,0,0,0,0,,,,,,,,236,,HoliJi00
631,Elijah Mitchell,KAN,RB,27,1,0,0,0,0,0,0,0,0,,0,1,0,0,,0,0,0,0,,,,,,,,147,,MitcEl00
632,Hayden Rucci,MIA,TE,24,4,0,0,0,0,0,0,0,0,,0,0,0,0,,0,0,0,0,,,,,,,,133,,RuccHa00
633,Jeff Wilson,MIA,RB,30,3,0,0,0,0,0,0,0,0,,0,0,0,0,,0,0,0,0,,,,,,,,148,,WilsJe01
634,Jeshaun Jones,MIN,WR,26,1,0,0,0,0,0,0,0,0,,0,0,0,0,,0,0,0,0,,,,,,,,237,,JoneJe01
635,Nick Vannett,MIN,TE,32,4,1,0,0,0,0,0,0,0,,0,0,0,0,,0,0,0,0,,,,,,,,134,,VannNi00
636,Nyheim Hines,NOR,RB,29,1,0,0,0,0,0,0,0,0,,0,0,0,0,,0,0,0,0,,,,,,,,149,,HineNy00
637,Velus Jones Jr.,NOR,RB,28,5,0,0,0,0,0,0,0,0,,0,0,0,0,,0,0,0,0,,,,,,,,150,,JoneVe00
638,Treyton Welch,NOR,TE,24,3,1,0,0,0,0,0,0,0,,0,0,0,0,,0,0,0,0,,,,,,,,135,,WelcTr00
639,CJ Dippre,NWE,TE,23,2,0,0,0,0,0,0,0,0,,0,0,0,0,,0,0,0,0,,,,,,,,136,,DippCJ00
640,Dalen Cambre,NYG,WR,24,7,0,0,0,0,0,0,0,0,,0,0,0,0,,0,0,0,0,,,,,,,,238,,CambDa00
641,Zach Davidson,NYG,TE,27,1,0,0,0,0,0,0,0,0,,0,0,0,0,,0,0,0,0,,,,,,,,137,,DaviZa00
642,Thomas Fidone,NYG,TE,23,7,0,0,0,0,0,0,0,0,,0,0,0,0,,0,0,0,0,,,,,,,,138,,FidoTh00
643,Xavier Gipson,NYG,WR,24,1,0,0,0,0,0,0,0,0,,0,0,0,0,,0,0,0,0,,,,,,,,239,,GipsXa00
644,Eric Gray,NYG,RB,26,4,0,0,0,0,0,0,0,0,,0,0,0,0,,0,0,0,0,,,,,,,,152,,GrayEr01
645,Brandon Smith,NYJ,WR,27,2,0,0,0,0,0,0,0,0,,0,0,0,0,,0,0,0,0,,,,,,,,240,,SmitBr07
646,Avery Williams,NYJ,WR,27,1,0,0,0,0,0,0,0,0,,0,0,0,0,,0,0,0,0,,,,,,,,241,,WillAv02
647,Jordan Mims,TEN,RB,26,1,0,0,0,0,0,0,0,0,,0,0,0,0,,0,0,0,0,,,,,,,,153,,MimsJo00
648,Cole Turner,TEN,TE,25,1,0,0,0,0,0,0,0,0,,0,0,0,0,,0,0,0,0,,,,,,,,139,,TurnCo00
649,E.J. Jenkins,PHI,TE,27,2,0,0,0,0,0,0,0,0,,0,0,0,0,,0,0,0,0,,,,,,,,140,,JenkEJ00
650,Cameron Latu,PHI,TE,25,15,2,0,0,0,0,0,0,0,,0,0,0,0,,0,0,0,0,,,,,,,,141,,LatuCa01
651,Lew Nichols,PIT,RB,24,1,0,0,0,0,0,0,0,0,,0,0,0,0,,0,0,0,0,,,,,,,,154,,NichLe00
652,Trey Sermon,PIT,RB,26,4,0,0,0,0,0,0,0,0,,0,0,0,0,,0,0,0,0,,,,,,,,155,,SermTr00
653,Justin Shorter,LVR,TE,25,7,0,0,0,0,0,0,0,0,,0,0,0,0,,0,0,0,0,,,,,,,,142,,ShorJu00
654,DJ Turner,LVR,WR,28,1,0,0,0,0,0,0,0,0,,0,0,0,0,,0,0,0,0,,,,,,,,242,,TurnDJ00
655,Jarquez Hunter,LAR,RB,23,5,0,0,0,0,0,0,0,0,,0,0,0,0,,0,0,0,0,,,,,,,,156,,HuntJa03
656,Brennan Presley,LAR,WR,23,1,0,0,0,0,0,0,0,0,,0,0,0,0,,0,0,0,0,,,,,,,,243,,PresBr00
657,Cody Schrader,LAR,RB,26,1,0,0,0,0,0,0,0,0,,0,0,0,0,,0,0,0,0,,,,,,,,157,,SchrCo00
658,Nick Vannett,LAR,TE,32,6,0,0,0,0,0,0,0,0,,0,0,0,0,,0,0,0,0,,,,,,,,134,,VannNi00
659,Nick Kallerup,SEA,TE,24,9,0,0,0,0,0,0,0,0,,0,1,0,0,,0,0,0,0,,,,,,,,143,,KallNi00
660,Robbie Ouzts,SEA,FB,23,12,2,0,0,0,0,0,0,0,,0,0,0,0,,0,0,0,0,,,,,,,,158,,OuztRo00
661,Brady Russell,SEA,TE,27,17,1,0,0,0,0,0,0,0,,0,1,0,0,,0,0,0,0,,,,,,,,144,,RussBr00
662,Ricky White,SEA,WR,23,2,0,0,0,0,0,0,0,0,,0,0,0,0,,0,0,0,0,,,,,,,,244,,WhitRi01
663,Russell Gage,SFO,WR,29,1,0,0,0,0,0,0,0,0,,0,0,0,0,,0,0,0,0,,,,,,,,245,,GageRu00
664,Isaac Guerendo,SFO,RB,25,14,0,0,0,0,0,0,0,0,,0,0,0,0,,0,0,0,0,,,,,,,,159,,GuerIs00
665,Jordan James,SFO,RB,21,3,0,0,0,0,0,0,0,0,,0,0,0,0,,0,0,0,0,,,,,,,,160,,JameJo01
666,Malik Turner,SFO,WR,29,3,0,0,0,0,0,0,0,0,,0,1,0,0,,0,0,0,0,,,,,,,,246,,TurnMa00
667,Brayden Willis,SFO,TE,26,6,0,0,0,0,0,0,0,0,,0,1,0,0,,0,0,0,0,,,,,,,,145,,WillBr06
668,Ko Kieft,TAM,TE,27,3,0,0,0,0,0,0,0,0,,0,0,0,0,,0,0,0,0,,,,,,,,146,,KiefKo00
669,Ja'Corey Brooks,WAS,WR,24,1,0,0,0,0,0,0,0,0,,0,0,0,0,,0,0,0,0,,,,,,,,247,,BrooJa04
670,Lawrence Cager,WAS,TE,28,1,0,0,0,0,0,0,0,0,,0,0,0,0,,0,0,0,0,,,,,,,,147,,CageLa01
671,River Cracraft,WAS,WR,31,2,0,0,0,0,0,0,0,0,,0,0,0,0,,0,0,0,0,,,,,,,,248,,CracRi00
672,Chase Edmonds,WAS,RB,29,3,0,0,0,0,0,0,0,0,,0,0,0,0,,0,0,0,0,,,,,,,,161,,EdmoCh00